time,open,high,low,close,volume,ticker,SMA10,SMA50,signal
2020-01-02,61690,62670,61690,62280,141260,GAS,,,0
2020-01-03,62280,63470,62280,62420,218980,GAS,,,0
2020-01-06,63670,64519,63340,64390,431090,GAS,,,0
2020-01-07,64319,64319,63400,63930,142800,GAS,,,0
2020-01-08,64920,65180,63870,63870,439260,GAS,,,0
2020-01-09,63210,63730,62420,62670,320980,GAS,,,0
2020-01-10,62870,63210,62550,63140,160820,GAS,,,0
2020-01-13,63140,63140,62360,62750,355190,GAS,,,0
2020-01-14,62670,63210,62480,62480,166850,GAS,,,0
2020-01-15,62550,62550,61300,61890,201400,GAS,62982.0,,0
2020-01-16,61890,62080,61230,61430,508390,GAS,62897.0,,0
2020-01-17,61430,62020,61040,61360,281760,GAS,62791.0,,0
2020-01-20,61360,61630,61160,61490,134180,GAS,62501.0,,0
2020-01-21,61490,62480,61490,62480,180960,GAS,62356.0,,0
2020-01-22,62480,62810,62080,62480,162790,GAS,62217.0,,0
2020-01-30,59910,61760,59910,60570,379940,GAS,62007.0,,0
2020-01-31,59980,60370,56620,56950,551680,GAS,61388.0,,0
2020-02-03,55960,56550,53060,54770,565980,GAS,60590.0,,0
2020-02-04,55890,55960,53980,53980,376400,GAS,59740.0,,0
2020-02-05,54650,55300,53060,53720,290230,GAS,58923.0,,0
2020-02-06,53720,56550,53720,56550,253870,GAS,58435.0,,0
2020-02-07,56550,57280,55960,56620,299430,GAS,57961.0,,0
2020-02-10,55960,57210,55300,57150,282460,GAS,57527.0,,0
2020-02-11,56690,57150,56220,56350,235700,GAS,56914.0,,0
2020-02-12,57010,57010,56350,56620,175490,GAS,56328.0,,0
2020-02-13,56490,58010,56490,57600,272240,GAS,56031.0,,0
2020-02-14,57600,58530,57280,58260,162870,GAS,56162.0,,0
2020-02-17,58260,58800,57480,57480,180040,GAS,56433.0,,0
2020-02-18,57280,57540,56490,56620,215600,GAS,56697.0,,0
2020-02-19,56620,56690,56160,56160,166790,GAS,56941.0,,0
2020-02-20,57940,57940,56090,56160,198200,GAS,56902.0,,0
2020-02-21,56620,56760,56220,56220,171440,GAS,56862.0,,0
2020-02-24,55960,55960,54970,55240,348150,GAS,56671.0,,0
2020-02-25,54310,55240,54310,54650,348890,GAS,56501.0,,0
2020-02-26,54310,54310,52400,52600,478410,GAS,56099.0,,0
2020-02-27,52540,52600,51430,52010,359090,GAS,55540.0,,0
2020-02-28,49440,51300,49440,49910,449640,GAS,54705.0,,0
2020-03-02,49780,52340,49640,52010,255710,GAS,54158.0,,0
2020-03-03,54570,54570,52660,52660,270460,GAS,53762.0,,0
2020-03-04,52340,52340,51230,51430,307460,GAS,53289.0,,0
2020-03-05,51430,52660,51430,51430,262610,GAS,52816.0,,0
2020-03-06,51350,51430,50760,51030,208460,GAS,52297.0,,0
2020-03-09,47480,47480,47480,47480,226330,GAS,51521.0,,0
2020-03-10,44170,46680,44170,45100,1377350,GAS,50566.0,,0
2020-03-11,46080,46810,42010,42010,1022830,GAS,49507.0,,0
2020-03-12,39100,40100,39100,39100,832050,GAS,48216.0,,0
2020-03-13,36410,38510,36410,37520,975880,GAS,46977.0,,0
2020-03-16,37390,39630,36870,39040,664400,GAS,45680.0,,0
2020-03-17,37010,39430,37010,39370,531530,GAS,44351.0,,0
2020-03-18,39500,39500,38060,38180,1111270,GAS,43026.0,55032.2,0
2020-03-19,36870,37190,36150,36410,897780,GAS,41524.0,54514.8,0
2020-03-20,37520,38250,36870,38110,563530,GAS,40232.0,54028.6,0
2020-03-23,36350,36870,35490,35490,779860,GAS,39033.0,53450.6,0
2020-03-24,36870,37130,35880,37010,769350,GAS,38224.0,52912.2,0
2020-03-25,39040,39560,38310,39560,1074610,GAS,37979.0,52426.0,0
2020-03-26,39500,39760,38510,38650,564130,GAS,37934.0,51945.6,0
2020-03-27,38650,38910,37590,38310,484150,GAS,38013.0,51449.0,0
2020-03-30,36150,36470,35880,35960,556090,GAS,37705.0,50913.2,0
2020-03-31,37980,37980,35550,36080,414540,GAS,37376.0,50385.2,0
2020-04-01,36010,37920,36010,36940,577930,GAS,37252.0,49886.2,0
2020-04-03,39500,39500,37860,38970,1147360,GAS,37508.0,49437.0,0
2020-04-06,40810,41470,40160,41470,1513290,GAS,37844.0,49039.2,0
2020-04-07,42060,42060,40690,41420,945030,GAS,38437.0,48637.8,0
2020-04-08,40360,41340,40020,41280,869540,GAS,38864.0,48213.8,0
2020-04-09,41740,44110,41540,44110,1506780,GAS,39319.0,47846.4,0
2020-04-10,43450,44440,42790,44170,944260,GAS,39871.0,47518.4,0
2020-04-13,44900,45760,44440,44770,1048800,GAS,40517.0,47274.8,0
2020-04-14,44110,44310,43060,44110,1273310,GAS,41332.0,47061.6,0
2020-04-15,43330,44310,43120,43850,645240,GAS,42109.0,46859.0,0
2020-04-16,43850,44770,43330,44370,717400,GAS,42852.0,46672.0,0
2020-04-17,44440,45430,44440,44570,811680,GAS,43412.0,46432.4,0
2020-04-20,44770,45430,44170,45290,1227520,GAS,43794.0,46205.8,0
2020-04-21,43450,44250,42470,42470,1557070,GAS,43899.0,45912.2,0
2020-04-22,40160,42530,40160,41810,760590,GAS,43952.0,45621.4,0
2020-04-23,42790,43450,42660,42860,620260,GAS,43827.0,45346.2,0
2020-04-24,43330,43450,42600,42860,583010,GAS,43696.0,45051.4,0
2020-04-27,42860,43380,42130,42270,476510,GAS,43446.0,44731.6,0
2020-04-28,41220,42130,41080,41340,775610,GAS,43169.0,44408.8,0
2020-04-29,41740,42270,41470,41740,623860,GAS,42958.0,44111.2,0
2020-05-04,42790,43190,41870,42010,410240,GAS,42722.0,43828.2,0
2020-05-05,42790,43120,42130,43120,652830,GAS,42577.0,43567.4,0
2020-05-06,43920,45290,43920,45160,1540630,GAS,42564.0,43346.2,0
2020-05-07,45160,45760,44570,45230,705710,GAS,42840.0,43146.0,0
2020-05-08,45230,46610,45230,45830,1700680,GAS,43242.0,42969.6,1
2020-05-11,48070,48070,46080,48070,1084850,GAS,43763.0,42879.0,0
2020-05-12,47990,48720,46750,48200,1145720,GAS,44297.0,42802.8,0
2020-05-13,48070,48660,47400,47670,991060,GAS,44837.0,42758.0,0
2020-05-14,47140,47670,46880,47080,688000,GAS,45411.0,42659.4,0
2020-05-15,47990,48070,46680,46680,904360,GAS,45905.0,42539.8,0
2020-05-18,47140,48390,47140,48390,1071380,GAS,46543.0,42479.0,0
2020-05-19,49640,49640,48790,49250,1144660,GAS,47156.0,42435.4,0
2020-05-20,48070,49250,48070,48850,548540,GAS,47525.0,42391.8,0
2020-05-21,49050,49780,48720,49390,952810,GAS,47941.0,42430.0,0
2020-05-22,49310,49310,48460,48660,982700,GAS,48224.0,42501.2,0
2020-05-25,48660,48790,48330,48520,554990,GAS,48269.0,42631.4,0
2020-05-26,49050,49310,48590,49310,615970,GAS,48380.0,42835.6,0
2020-05-27,49710,50240,49250,49390,1141480,GAS,48552.0,43073.0,0
2020-05-28,49390,49640,48660,48660,551210,GAS,48710.0,43265.4,0
2020-05-29,49050,49050,48520,48990,372610,GAS,48941.0,43457.8,0
2020-06-01,49310,50030,49110,49580,596060,GAS,49060.0,43685.8,0
2020-06-02,49580,51230,49390,50300,1452270,GAS,49165.0,43963.6,0
2020-06-03,51030,51550,50500,51350,633960,GAS,49415.0,44228.4,0
2020-06-04,51430,52340,51350,51350,848030,GAS,49611.0,44545.6,0
2020-06-05,50700,51350,50370,50700,881330,GAS,49815.0,44819.4,0
2020-06-08,52340,52340,51550,52010,659450,GAS,50164.0,45068.4,0
2020-06-09,51490,51940,51350,51620,481610,GAS,50395.0,45327.8,0
2020-06-10,51350,51620,51030,51350,426400,GAS,50591.0,45588.6,0
2020-06-11,51030,51430,47790,47790,1251510,GAS,50504.0,45825.2,0
2020-06-12,46160,49310,46160,49110,878600,GAS,50516.0,46085.8,0
2020-06-15,49110,49640,47480,47480,554870,GAS,50306.0,46296.6,0
2020-06-16,48390,48390,47730,48130,454210,GAS,50089.0,46479.8,0
2020-06-17,48390,48660,47790,47990,330300,GAS,49753.0,46610.2,0
2020-06-18,47790,48070,47400,47530,317660,GAS,49371.0,46732.4,0
2020-06-19,48200,48260,47790,47790,303720,GAS,49080.0,46862.6,0
2020-06-22,48200,48520,48070,48130,227680,GAS,48692.0,46943.0,0
2020-06-23,48200,48920,48070,48660,349770,GAS,48396.0,47032.8,0
2020-06-24,48460,48850,47400,47790,240120,GAS,48040.0,47093.2,0
2020-06-25,47400,48070,47080,47670,335210,GAS,48028.0,47164.4,0
2020-06-26,47730,48200,47400,47530,322890,GAS,47870.0,47238.0,0
2020-06-29,47400,47400,45880,45880,571650,GAS,47710.0,47268.2,0
2020-06-30,46480,47080,44770,45430,459150,GAS,47440.0,47285.4,0
2020-07-01,45760,46750,45430,46750,387430,GAS,47316.0,47314.6,0
2020-07-02,47010,47080,46420,46420,210850,GAS,47205.0,47393.6,-1
2020-07-03,47010,47010,46280,46280,310040,GAS,47054.0,47483.0,0
2020-07-06,47280,47930,46880,47670,485000,GAS,47008.0,47579.2,0
2020-07-07,48070,48920,47670,47670,819010,GAS,46909.0,47675.4,0
2020-07-08,48070,48790,47730,47990,534040,GAS,46929.0,47789.8,0
2020-07-09,48660,49910,48520,49510,1179910,GAS,47113.0,47953.2,0
2020-07-10,49390,49640,48850,48920,461690,GAS,47252.0,48096.8,0
2020-07-13,49390,49580,48920,49310,592380,GAS,47595.0,48242.8,0
2020-07-14,49720,50760,49660,49860,631990,GAS,48038.0,48377.6,0
2020-07-15,50340,50830,49800,49800,507920,GAS,48343.0,48470.4,0
2020-07-16,50210,50340,49860,49860,534310,GAS,48687.0,48563.0,1
2020-07-17,49860,50070,49660,49660,382400,GAS,49025.0,48639.6,0
2020-07-20,49180,49590,48970,48970,492500,GAS,49155.0,48657.6,0
2020-07-21,48970,49520,48900,49030,264440,GAS,49291.0,48674.2,0
2020-07-22,49390,49390,48410,48480,343540,GAS,49340.0,48690.4,0
2020-07-23,48480,49450,48480,49110,629750,GAS,49300.0,48731.0,0
2020-07-24,49110,49390,46620,47170,1173440,GAS,49125.0,48740.8,0
2020-07-27,44340,47660,44060,44200,1319680,GAS,48614.0,48657.0,-1
2020-07-28,45580,46830,44200,46830,683540,GAS,48311.0,48608.6,0
2020-07-29,44960,46000,43720,43850,777530,GAS,47716.0,48508.6,0
2020-07-30,46880,46880,44560,45240,417700,GAS,47254.0,48425.6,0
2020-07-31,44560,45240,44060,45240,314230,GAS,46812.0,48357.2,0
2020-08-03,45100,46620,45030,46410,536220,GAS,46556.0,48315.0,0
2020-08-04,47310,47310,46760,47030,387300,GAS,46356.0,48269.4,0
2020-08-05,47030,47590,46830,47380,566050,GAS,46246.0,48229.2,0
2020-08-06,47310,48200,47250,47990,640610,GAS,46134.0,48215.8,0
2020-08-07,47990,48830,47790,48480,571770,GAS,46265.0,48205.6,0
2020-08-10,48560,49110,48480,48700,469290,GAS,46715.0,48188.0,0
2020-08-11,48700,48900,48140,48350,550870,GAS,46867.0,48149.0,0
2020-08-12,48700,49450,48350,49180,973330,GAS,47400.0,48105.6,0
2020-08-13,49390,50340,49390,50140,951630,GAS,47890.0,48081.4,0
2020-08-14,49720,50280,49590,49930,870730,GAS,48359.0,48066.0,1
2020-08-17,49720,50010,49180,49720,460890,GAS,48690.0,48020.2,0
2020-08-18,50420,50420,49390,49660,297780,GAS,48953.0,47981.0,0
2020-08-19,49720,49930,49590,49800,224530,GAS,49195.0,47950.0,0
2020-08-20,49660,49860,49030,49030,444340,GAS,49299.0,47974.8,0
2020-08-21,49180,49800,49110,49720,494700,GAS,49423.0,47987.0,0
2020-08-24,49860,50760,49860,50420,638880,GAS,49595.0,48045.8,0
2020-08-25,50560,51450,50560,50970,722600,GAS,49857.0,48102.6,0
2020-08-26,51110,51390,50760,50760,431210,GAS,50015.0,48158.0,0
2020-08-27,50690,50690,50070,50420,501290,GAS,50043.0,48215.8,0
2020-08-28,51110,51800,50480,51250,1011700,GAS,50175.0,48285.0,0
2020-08-31,51390,51800,50760,51170,549950,GAS,50320.0,48345.8,0
2020-09-01,51170,52140,50970,52070,844110,GAS,50561.0,48414.0,0
2020-09-03,52490,52630,52010,52340,587250,GAS,50815.0,48505.0,0
2020-09-04,51170,51940,51170,51530,937330,GAS,51065.0,48582.2,0
2020-09-07,51390,51390,49720,49720,1336130,GAS,51065.0,48626.0,0
2020-09-08,49720,50620,49720,49720,663940,GAS,50995.0,48702.8,0
2020-09-09,49030,49720,48970,49520,740970,GAS,50850.0,48784.6,0
2020-09-10,50070,50340,49660,49720,620770,GAS,50746.0,48844.0,0
2020-09-11,49520,50070,49240,49590,264100,GAS,50663.0,48907.4,0
2020-09-14,49720,50070,49310,49310,557430,GAS,50469.0,48968.0,0
2020-09-15,49860,49930,49310,49930,727700,GAS,50345.0,49013.2,0
2020-09-16,50010,50420,49720,49720,353430,GAS,50110.0,49054.2,0
2020-09-17,50070,50280,49520,49520,398140,GAS,49828.0,49084.8,0
2020-09-18,49860,50210,49450,50070,373220,GAS,49682.0,49096.0,0
2020-09-21,50340,50830,49800,50280,939720,GAS,49738.0,49123.2,0
2020-09-22,50070,50340,49660,49660,821590,GAS,49732.0,49130.2,0
2020-09-23,50070,50760,49860,50210,823090,GAS,49801.0,49137.2,0
2020-09-24,50210,50970,50010,50760,820660,GAS,49905.0,49156.4,0
2020-09-25,50760,50830,50140,50480,459680,GAS,49994.0,49168.8,0
2020-09-28,50480,50760,49860,49860,417070,GAS,50049.0,49172.8,0
2020-09-29,49860,50420,49390,49390,1073200,GAS,49995.0,49181.2,0
2020-09-30,49390,49720,49240,49240,615450,GAS,49947.0,49185.4,0
2020-10-01,49390,50010,49390,50010,252570,GAS,49996.0,49216.0,0
2020-10-02,50010,50070,49110,49660,612860,GAS,49955.0,49227.0,0
2020-10-05,49660,50280,49450,50070,704400,GAS,49934.0,49285.0,0
2020-10-06,50280,50560,50010,50070,763230,GAS,49975.0,49402.4,0
2020-10-07,50070,52010,49860,51170,2294270,GAS,50071.0,49489.2,0
2020-10-08,51730,51940,51170,51530,774540,GAS,50148.0,49642.8,0
2020-10-09,51800,51800,51170,51310,438960,GAS,50231.0,49764.2,0
2020-10-12,51310,52900,51110,51800,1917010,GAS,50425.0,49895.4,0
2020-10-13,51870,52280,51590,51800,596720,GAS,50666.0,50003.2,0
2020-10-14,52140,52630,51730,51940,1263470,GAS,50936.0,50101.4,0
2020-10-15,52490,53120,51800,51800,1377170,GAS,51115.0,50189.8,0
2020-10-16,51800,52490,51390,52070,1091120,GAS,51356.0,50271.4,0
2020-10-19,52140,52490,51040,51110,1196620,GAS,51460.0,50324.0,0
2020-10-20,50760,51110,50070,50140,1119350,GAS,51467.0,50352.8,0
2020-10-21,50420,50690,49930,49930,950020,GAS,51343.0,50384.4,0
2020-10-22,49930,50900,49660,50900,796300,GAS,51280.0,50418.8,0
2020-10-23,50970,51250,50690,50760,606780,GAS,51225.0,50431.2,0
2020-10-26,50830,51110,49720,49720,649920,GAS,51017.0,50427.0,0
2020-10-27,50010,50140,49660,49720,653240,GAS,50809.0,50427.0,0
2020-10-28,49720,50210,49520,49660,776140,GAS,50581.0,50427.0,0
2020-10-29,49520,49860,49030,49030,779650,GAS,50304.0,50411.6,-1
2020-10-30,49720,49720,48350,48610,786390,GAS,49958.0,50403.2,0
2020-11-02,48700,48900,47930,48140,926540,GAS,49661.0,50371.6,0
2020-11-03,48350,49180,48280,48480,975380,GAS,49495.0,50332.8,0
2020-11-04,48970,50070,48900,49660,577270,GAS,49468.0,50306.6,0
2020-11-05,49720,49720,49240,49390,432170,GAS,49317.0,50279.2,0
2020-11-06,49310,49590,48830,48900,474350,GAS,49131.0,50248.8,0
2020-11-09,49030,49590,49030,49310,717480,GAS,49090.0,50210.0,0
2020-11-10,50830,50970,49860,49860,1271490,GAS,49104.0,50183.8,0
2020-11-11,50620,50970,50340,50560,1594170,GAS,49194.0,50153.6,0
2020-11-12,50760,51110,50480,50690,547590,GAS,49360.0,50120.6,0
2020-11-13,50480,50760,50210,50760,896800,GAS,49575.0,50105.2,0
2020-11-16,51040,51110,50070,50070,1255550,GAS,49768.0,50112.2,0
2020-11-17,50420,52140,50340,52140,2192600,GAS,50134.0,50160.6,0
2020-11-18,52210,55260,51870,55260,3450740,GAS,50694.0,50275.4,1
2020-11-19,55530,58210,55530,56700,2283360,GAS,51425.0,50415.0,0
2020-11-20,56290,56770,55880,56490,1207780,GAS,52184.0,50553.0,0
2020-11-23,56700,57670,56080,57670,1796080,GAS,53020.0,50720.2,0
2020-11-24,57670,57880,55940,56980,1824250,GAS,53732.0,50861.2,0
2020-11-25,57740,57810,57120,57120,1428530,GAS,54388.0,51009.2,0
2020-11-26,56980,57600,56430,57530,1099520,GAS,55072.0,51169.4,0
2020-11-27,57670,57670,57120,57670,947930,GAS,55763.0,51321.4,0
2020-11-30,57740,59470,57670,57670,1332670,GAS,56523.0,51469.2,0
2020-12-01,56630,58500,56490,57670,1332900,GAS,57076.0,51629.4,0
2020-12-02,57670,58360,57120,58010,983710,GAS,57351.0,51785.4,0
2020-12-03,58010,58640,57670,58360,978850,GAS,57517.0,51937.4,0
2020-12-04,58710,59670,58360,59050,1502870,GAS,57773.0,52108.8,0
2020-12-07,59190,59670,58770,59610,1390120,GAS,57967.0,52303.8,0
2020-12-08,59740,59740,59050,59470,1140540,GAS,58216.0,52505.4,0
2020-12-09,59400,60500,59050,59470,1135190,GAS,58451.0,52710.0,0
2020-12-10,59470,59670,58290,58290,1085890,GAS,58527.0,52875.6,0
2020-12-11,59120,59470,58500,59470,914520,GAS,58707.0,53071.8,0
2020-12-14,59470,60230,59260,60090,860080,GAS,58949.0,53272.2,0
2020-12-15,59740,60020,58850,58990,1095430,GAS,59081.0,53450.6,0
2020-12-16,59400,59670,58770,59260,773810,GAS,59206.0,53612.4,0
2020-12-17,58850,59120,58080,58080,1844030,GAS,59178.0,53743.4,0
2020-12-18,58080,58770,58080,58640,590630,GAS,59137.0,53890.0,0
2020-12-21,58850,59670,58430,59610,1296520,GAS,59137.0,54046.2,0
2020-12-22,59050,59400,58430,58910,909760,GAS,59081.0,54188.4,0
2020-12-23,58770,59260,58430,58500,551200,GAS,58984.0,54319.6,0
2020-12-24,58710,58990,56630,57940,1253120,GAS,58949.0,54442.4,0
2020-12-25,57880,58500,56980,58160,617310,GAS,58818.0,54564.2,0
2020-12-28,58710,61190,58210,60020,2377030,GAS,58811.0,54742.4,0
2020-12-29,60090,60770,59400,60150,490820,GAS,58927.0,54942.6,0
2020-12-30,60150,60440,59940,60020,672840,GAS,59003.0,55144.4,0
2020-12-31,60090,60150,59530,59810,957350,GAS,59176.0,55322.6,0
2021-01-04,60720,61750,60150,61340,1362600,GAS,59446.0,55534.2,0
2021-01-05,60770,62300,59810,62160,1262700,GAS,59701.0,55783.0,0
2021-01-06,62850,63470,62160,62440,1161900,GAS,60054.0,56037.4,0
2021-01-07,62850,64090,61600,64030,1446600,GAS,60607.0,56324.8,0
2021-01-08,64030,64440,63330,64030,934700,GAS,61216.0,56624.8,0
2021-01-11,64230,65400,64030,64440,743600,GAS,61844.0,56941.4,0
2021-01-12,64440,64860,63540,64650,949100,GAS,62307.0,57271.6,0
2021-01-13,65340,65340,64030,64230,1091600,GAS,62715.0,57586.6,0
2021-01-14,63950,64230,63190,63610,775000,GAS,63074.0,57865.6,0
2021-01-15,64230,64440,62500,63270,1767000,GAS,63420.0,58143.2,0
2021-01-18,63540,63540,62080,62570,972000,GAS,63543.0,58416.6,0
2021-01-19,62570,62570,58210,58710,1158400,GAS,63198.0,58604.6,0
2021-01-20,59400,59740,55390,59740,1022600,GAS,62928.0,58802.2,0
2021-01-21,60440,60720,59740,60440,966400,GAS,62569.0,58999.8,0
2021-01-22,60440,60770,59670,59810,1062200,GAS,62147.0,59182.2,0
2021-01-25,59610,59880,58430,58500,1225400,GAS,61553.0,59337.0,0
2021-01-26,58570,58570,55940,57530,1329100,GAS,60841.0,59486.2,0
2021-01-27,57530,57530,54570,54570,940900,GAS,59875.0,59534.8,0
2021-01-28,51110,53860,50760,50760,1569900,GAS,58590.0,59444.8,-1
2021-01-29,50760,53860,50070,52700,902600,GAS,57533.0,59364.8,0
2021-02-01,53040,53660,51450,51940,670300,GAS,56470.0,59273.8,0
2021-02-02,51940,53180,51660,52840,934100,GAS,55883.0,59177.2,0
2021-02-03,54220,55260,53860,55260,874500,GAS,55435.0,59142.8,0
2021-02-04,55940,56430,55110,55940,790800,GAS,54985.0,59119.2,0
2021-02-05,56770,57320,56080,56080,799000,GAS,54612.0,59090.2,0
2021-02-08,57180,57260,53250,54570,1695100,GAS,54219.0,59028.2,0
2021-02-09,54900,56150,53860,56150,1216500,GAS,54081.0,58997.8,0
2021-02-17,58710,60020,57670,60020,1923100,GAS,54626.0,59044.8,0
2021-02-18,61400,62500,60300,62220,2259700,GAS,55772.0,59129.0,0
2021-02-19,60770,61810,60770,61400,1134700,GAS,56642.0,59189.8,0
2021-02-22,60770,61600,60150,60920,1156500,GAS,57540.0,59227.2,0
2021-02-23,62160,62360,61190,61750,1546200,GAS,58431.0,59270.0,0
2021-02-24,61470,61470,60090,60850,820100,GAS,58990.0,59297.6,0
2021-02-25,61470,61750,60920,61600,1366000,GAS,59556.0,59340.2,1
2021-02-26,60230,61670,60230,61670,872900,GAS,60115.0,59407.8,0
2021-03-01,62360,63470,61750,63470,1661100,GAS,61005.0,59487.8,0
2021-03-02,63540,64580,62850,62850,1386700,GAS,61675.0,59543.0,0
2021-03-03,62850,63190,62300,62850,696900,GAS,61958.0,59620.2,0
2021-03-04,62990,63540,61470,62780,1325100,GAS,62014.0,59690.6,0
2021-03-05,63670,64720,62500,63880,1469200,GAS,62262.0,59806.6,0
2021-03-08,65610,66300,64720,65610,1649000,GAS,62731.0,59946.0,0
2021-03-09,65480,65480,62850,64720,696100,GAS,63028.0,60048.2,0
2021-03-10,64300,64300,62850,63540,995600,GAS,63297.0,60140.8,0
2021-03-11,64230,64230,63540,64030,337200,GAS,63540.0,60251.4,0
2021-03-12,64230,64230,62780,62920,398400,GAS,63665.0,60351.0,0
2021-03-15,63190,63540,62920,62920,398200,GAS,63610.0,60446.2,0
2021-03-16,62920,63190,61950,62360,893400,GAS,63561.0,60493.0,0
2021-03-17,62440,65610,61880,64090,798700,GAS,63685.0,60571.8,0
2021-03-18,64170,64230,63190,63400,276400,GAS,63747.0,60639.4,0
2021-03-19,62500,62780,61950,62780,966800,GAS,63637.0,60698.8,0
2021-03-22,62850,63270,62160,62500,510900,GAS,63326.0,60722.0,0
2021-03-23,62160,63540,62080,63400,563500,GAS,63194.0,60746.8,0
2021-03-24,61470,62220,61340,62220,729000,GAS,63062.0,60742.4,0
2021-03-25,62220,63400,61470,62360,635700,GAS,62895.0,60709.0,0
2021-03-26,61670,61810,59400,61600,375100,GAS,62763.0,60660.4,0
2021-03-29,62160,62500,61470,61810,257900,GAS,62652.0,60607.8,0
2021-03-30,61810,62160,61470,61880,588000,GAS,62604.0,60552.4,0
2021-03-31,61600,62640,61470,61950,630300,GAS,62390.0,60506.8,0
2021-04-01,62020,62570,61880,62570,632100,GAS,62307.0,60486.0,0
2021-04-02,63060,63330,62360,62360,951100,GAS,62265.0,60467.8,0
2021-04-05,62500,62990,61750,61750,723500,GAS,62190.0,60451.4,0
2021-04-06,61670,62020,61470,61950,674800,GAS,62045.0,60516.2,0
2021-04-07,62080,62850,61470,61540,1201200,GAS,61977.0,60552.2,0
2021-04-08,62160,62160,61400,61470,684700,GAS,61888.0,60572.8,0
2021-04-09,61470,62080,61130,61340,379200,GAS,61862.0,60603.4,0
2021-04-12,61470,61540,59940,60720,1911900,GAS,61753.0,60647.8,0
2021-04-13,60500,60720,59190,59400,1358600,GAS,61505.0,60685.2,0
2021-04-14,59400,60640,59050,59740,741700,GAS,61284.0,60788.6,0
2021-04-15,60640,60980,59050,59400,1471400,GAS,60967.0,60961.4,0
2021-04-16,59400,60090,59050,59400,590300,GAS,60671.0,61095.4,-1
2021-04-19,59400,60230,59120,60230,577300,GAS,60519.0,61261.2,0
2021-04-20,60440,61470,60150,60770,1410500,GAS,60401.0,61419.8,0
2021-04-22,60770,60770,59260,59260,1101600,GAS,60173.0,61499.8,0
2021-04-23,59190,59400,58010,59400,849600,GAS,59966.0,61569.0,0
2021-04-26,59120,59120,56290,56290,1072100,GAS,59461.0,61573.2,0
2021-04-27,56290,56630,55390,56290,791100,GAS,59018.0,61607.6,0
2021-04-28,56290,56980,56010,56570,631900,GAS,58735.0,61616.0,0
2021-04-29,57320,57740,56840,57670,624400,GAS,58528.0,61569.0,0
2021-05-04,57320,57530,56630,57530,930600,GAS,58341.0,61475.2,0
2021-05-05,58360,59400,58010,59050,919800,GAS,58306.0,61428.2,0
2021-05-06,59260,59260,58290,58640,911300,GAS,58147.0,61382.6,0
2021-05-07,58010,58640,56630,58010,856900,GAS,57871.0,61307.8,0
2021-05-10,57670,59400,57320,59400,763900,GAS,57885.0,61278.8,0
2021-05-11,59190,59470,58710,58910,737800,GAS,57836.0,61225.0,0
2021-05-12,59050,59670,58770,59670,616200,GAS,58174.0,61185.0,0
2021-05-13,59670,59810,59050,59120,549200,GAS,58457.0,61098.0,0
2021-05-14,58770,59120,57670,58080,825800,GAS,58608.0,61002.6,0
2021-05-17,58710,58710,56770,56980,1039300,GAS,58539.0,60885.2,0
2021-05-18,57180,57320,56150,56630,1096100,GAS,58449.0,60762.2,0
2021-05-19,56630,57320,56290,56350,299500,GAS,58179.0,60611.6,0
2021-05-20,56490,56490,55470,55800,714400,GAS,57895.0,60415.4,0
2021-05-21,55260,56490,55110,55940,596800,GAS,57688.0,60239.8,0
2021-05-24,56350,56980,56150,56630,504600,GAS,57411.0,60101.6,0
2021-05-25,56980,57460,56700,57260,594700,GAS,57246.0,59966.2,0
2021-05-26,56770,57120,56570,56570,414400,GAS,56936.0,59839.2,0
2021-05-27,56430,56630,55260,55320,687500,GAS,56556.0,59687.2,0
2021-05-28,56010,56910,55590,56630,655400,GAS,56411.0,59572.6,0
2021-05-31,56570,57120,55800,57050,853700,GAS,56418.0,59431.8,0
2021-06-01,58640,58640,57740,57810,1013500,GAS,56536.0,59320.0,0
2021-06-02,58210,60440,58010,60360,1981500,GAS,56937.0,59271.6,0
2021-06-03,61470,61470,60770,60980,1263100,GAS,57455.0,59241.2,0
2021-06-04,60640,63400,58710,63130,2154200,GAS,58174.0,59235.8,0
2021-06-07,63470,63610,59400,62640,1617400,GAS,58775.0,59244.2,0
2021-06-08,61950,62570,60500,60850,972400,GAS,59134.0,59214.0,0
2021-06-09,61050,61470,59470,60360,866600,GAS,59513.0,59189.2,1
2021-06-10,59740,60230,59050,59470,1036100,GAS,59928.0,59142.4,0
2021-06-11,60090,60300,59530,60090,390700,GAS,60274.0,59106.6,0
2021-06-14,61470,62440,60770,61810,1645200,GAS,60750.0,59103.8,0
2021-06-15,61810,62020,61130,61260,548600,GAS,61095.0,59077.6,0
2021-06-16,62020,63880,61810,63470,2150100,GAS,61406.0,59099.8,0
2021-06-17,62780,65269,62500,64860,1664700,GAS,61794.0,59162.0,0
2021-06-18,64720,64780,63880,64030,753100,GAS,61884.0,59203.6,0
2021-06-21,64300,66300,63950,64230,967400,GAS,62043.0,59257.4,0
2021-06-22,65269,65760,64580,65540,1273100,GAS,62512.0,59338.8,0
2021-06-23,65480,65760,64090,64860,907200,GAS,62962.0,59409.2,0
2021-06-24,64920,66790,64860,66170,1357600,GAS,63632.0,59518.2,0
2021-06-25,66300,67680,65680,67680,1539200,GAS,64391.0,59683.8,0
2021-06-28,68960,69040,63340,67680,868700,GAS,64978.0,59842.6,0
2021-06-29,66970,67320,65610,66260,790600,GAS,65478.0,59979.8,0
2021-06-30,66260,67250,65190,66260,841400,GAS,65757.0,60117.0,0
2021-07-01,66610,67110,65900,67110,983500,GAS,65982.0,60254.6,0
2021-07-02,67820,69460,67760,68830,1847800,GAS,66462.0,60415.8,0
2021-07-05,68470,68830,65550,65550,1553700,GAS,66594.0,60541.6,0
2021-07-06,67410,67620,61130,61130,1053200,GAS,66153.0,60576.2,0
2021-07-07,61270,65190,61270,65190,1397500,GAS,66186.0,60754.2,0
2021-07-08,64690,66820,64050,66260,912200,GAS,66195.0,60953.6,0
2021-07-09,65340,67620,64330,65340,1080000,GAS,65961.0,61129.0,0
2021-07-12,65480,65480,62200,62690,990800,GAS,65462.0,61229.4,0
2021-07-13,64690,66190,63470,65190,581300,GAS,65355.0,61382.6,0
2021-07-14,65190,66040,64620,65050,611500,GAS,65234.0,61502.6,0
2021-07-15,64480,65190,64120,64480,494000,GAS,64971.0,61619.4,0
2021-07-16,64120,64900,64120,64120,279000,GAS,64500.0,61741.6,0
2021-07-19,62350,63410,61770,61770,703200,GAS,64122.0,61789.0,0
2021-07-20,61350,63840,60550,63410,665100,GAS,64350.0,61879.0,0
2021-07-21,64120,64120,61850,62260,568800,GAS,64057.0,61930.8,0
2021-07-22,63050,64269,62260,63690,487700,GAS,63800.0,62022.2,0
2021-07-23,63630,64050,62690,62690,345200,GAS,63535.0,62114.4,0
2021-07-26,62560,63840,61770,62910,614200,GAS,63557.0,62233.0,0
2021-07-27,64120,64540,63050,63410,877900,GAS,63379.0,62368.6,0
2021-07-28,63410,64480,63410,63470,322200,GAS,63221.0,62511.0,0
2021-07-29,64050,64120,63340,63770,504300,GAS,63150.0,62670.4,0
2021-07-30,64120,64620,63770,63840,530200,GAS,63122.0,62828.4,0
2021-08-02,64830,67470,64540,66610,1533300,GAS,63606.0,63028.0,0
2021-08-03,66610,66690,65480,66260,974700,GAS,63891.0,63208.0,0
2021-08-04,66260,67470,66120,66970,538300,GAS,64362.0,63416.0,0
2021-08-05,66690,66910,65900,66820,634600,GAS,64675.0,63646.0,0
2021-08-06,66820,67410,65690,65830,1309200,GAS,64989.0,63830.0,0
2021-08-09,65550,66610,64830,66260,1055000,GAS,65324.0,64014.2,0
2021-08-10,66260,69040,66190,68400,2217800,GAS,65823.0,64226.0,0
2021-08-11,69110,70450,67820,68040,1507800,GAS,66280.0,64379.6,0
2021-08-12,67320,68040,67320,67320,727100,GAS,66635.0,64506.4,0
2021-08-13,67040,67110,65269,66260,1311800,GAS,66877.0,64569.0,0
2021-08-16,65900,67680,65550,67110,1110200,GAS,66927.0,64658.4,0
2021-08-17,67110,67110,65830,65830,1132300,GAS,66884.0,64758.0,0
2021-08-18,65830,66260,65610,65980,522300,GAS,66785.0,64870.4,0
2021-08-19,65900,65900,63900,64769,2388200,GAS,66579.9,64976.38,0
2021-08-20,64120,64480,62130,62350,2766300,GAS,66231.9,65021.58,0
2021-08-23,62350,63050,61130,61130,1158700,GAS,65718.9,65007.98,0
2021-08-24,61990,62200,60550,61270,1081800,GAS,65005.9,65008.18,-1
2021-08-25,61350,62200,61270,62200,557300,GAS,64421.9,64982.78,0
2021-08-26,62480,62480,61350,61490,687800,GAS,63838.9,64915.38,0
2021-08-27,61490,62050,61270,61990,927500,GAS,63411.9,64874.58,0
2021-08-30,62980,63050,62130,62350,793100,GAS,62935.9,64836.98,0
2021-08-31,62690,63690,62410,63690,878800,GAS,62721.9,64799.98,0
2021-09-01,63550,63690,63130,63130,536100,GAS,62436.9,64765.38,0
2021-09-06,63770,64480,63550,64400,868100,GAS,62400.0,64729.98,0
2021-09-07,64480,64540,63200,63200,720100,GAS,62485.0,64640.38,0
2021-09-08,63200,63410,62480,62560,550500,GAS,62628.0,64537.98,0
2021-09-09,62980,63470,62760,63130,444500,GAS,62814.0,64475.38,0
2021-09-10,63050,63630,63050,63130,421100,GAS,62907.0,64412.78,0
2021-09-13,63980,63980,63130,63130,613400,GAS,63071.0,64333.18,0
2021-09-14,63840,64190,63270,63410,669100,GAS,63213.0,64224.78,0
2021-09-15,63770,65770,63050,65190,1379300,GAS,63497.0,64217.58,0
2021-09-16,65550,66120,65480,65980,981700,GAS,63726.0,64314.58,0
2021-09-17,65690,66120,65340,65480,834000,GAS,63961.0,64320.38,0
2021-09-20,65480,65480,63270,63270,1516300,GAS,63848.0,64260.58,0
2021-09-21,62760,63050,61490,62840,1444000,GAS,63812.0,64210.58,0
2021-09-22,63050,63770,62410,62980,712000,GAS,63854.0,64216.38,0
2021-09-23,63550,65550,63270,64540,1094400,GAS,63995.0,64203.38,0
2021-09-24,65190,66120,64540,64830,925000,GAS,64165.0,64198.98,0
2021-09-27,65830,65900,64120,64120,1124300,GAS,64264.0,64191.78,1
2021-09-28,64830,68040,64269,67760,4515800,GAS,64699.0,64264.58,0
2021-09-29,68040,70110,67900,68960,2756300,GAS,65076.0,64408.38,0
2021-09-30,68830,69250,68110,69110,1244900,GAS,65389.0,64522.38,0
2021-10-01,68400,73890,68320,73740,4336000,GAS,66215.0,64751.98,0
2021-10-04,75520,78870,74090,74090,4046700,GAS,67297.0,64959.98,0
2021-10-05,76230,78300,75170,77660,2090000,GAS,68779.0,65259.38,0
2021-10-06,77660,80930,77660,80870,2420800,GAS,70568.0,65618.58,0
2021-10-07,79080,80510,78010,79080,2255400,GAS,72022.0,65931.98,0
2021-10-08,79650,81150,78010,80080,1830600,GAS,73547.0,66264.18,0
2021-10-11,80230,80510,78440,80150,2259900,GAS,75150.0,66591.78,0
2021-10-12,79650,81580,78790,79800,1949700,GAS,76354.0,66910.98,0
2021-10-13,80150,80150,78370,79080,1789300,GAS,77366.0,67160.38,0
2021-10-14,78870,81580,78870,79300,3003400,GAS,78385.0,67421.18,0
2021-10-15,79800,80510,79440,79800,1099600,GAS,78991.0,67677.78,0
2021-10-18,80150,84860,80010,83000,3109300,GAS,79882.0,68001.38,0
2021-10-19,82650,83710,81220,81580,1065700,GAS,80274.0,68316.38,0
2021-10-20,82220,82220,78740,81580,1708500,GAS,80345.0,68622.78,0
2021-10-21,81930,82220,79800,79940,1640500,GAS,80431.0,68853.58,0
2021-10-22,80080,81150,78870,79860,1280800,GAS,80409.0,69089.98,0
2021-10-25,80510,82080,79580,79800,2117000,GAS,80374.0,69339.58,0
2021-10-26,80510,82000,80080,81080,2367100,GAS,80502.0,69635.98,0
2021-10-27,82080,86710,81720,86710,4182900,GAS,81265.0,70027.98,0
2021-10-28,86560,91480,85000,89060,2341300,GAS,82241.0,70492.58,0
2021-10-29,88350,90840,86560,88700,1159800,GAS,83131.0,70946.98,0
2021-11-01,88770,90480,86210,86430,2076500,GAS,83474.0,71380.2,0
2021-11-02,87560,87560,85710,86630,1507400,GAS,83979.0,71865.8,0
2021-11-03,86630,87560,84420,85500,1891200,GAS,84371.0,72353.2,0
2021-11-04,84140,86930,83360,83420,1660900,GAS,84719.0,72796.2,0
2021-11-05,84070,88060,82860,87200,1340800,GAS,85453.0,73296.2,0
2021-11-08,88200,88270,84920,87630,1648200,GAS,86236.0,73819.0,0
2021-11-09,86060,88350,84790,84920,1665900,GAS,86620.0,74277.6,0
2021-11-10,85560,87420,84790,85780,1009600,GAS,86527.0,74746.2,0
2021-11-11,85500,86930,83640,84790,1895800,GAS,86100.0,75168.2,0
2021-11-12,84920,86130,82930,84140,1370200,GAS,85644.0,75588.4,0
2021-11-15,84790,85420,81720,84710,2157500,GAS,85472.0,75994.6,0
2021-11-16,84070,85640,82860,83150,1545600,GAS,85124.0,76393.6,0
2021-11-17,83360,84570,83210,83640,701200,GAS,84938.0,76815.2,0
2021-11-18,82650,83360,81080,81080,1277500,GAS,84704.0,77174.2,0
2021-11-19,81080,81220,75450,75520,2905400,GAS,83536.0,77422.0,0
2021-11-22,74090,75730,72380,72740,1436500,GAS,82047.0,77614.2,0
2021-11-23,73030,75170,73030,74520,768400,GAS,81007.0,77836.4,0
2021-11-24,76020,76160,73380,73380,922700,GAS,79767.0,78000.2,0
2021-11-25,73810,74880,73240,74020,657700,GAS,78690.0,78161.0,0
2021-11-26,74020,74090,72380,72670,1256000,GAS,77543.0,78304.8,-1
2021-11-29,69540,72040,69540,70820,1292000,GAS,76154.0,78455.8,0
2021-11-30,71320,72460,70040,70040,1391100,GAS,74843.0,78599.8,0
2021-12-01,69540,70890,69460,70180,1464900,GAS,73497.0,78743.8,0
2021-12-02,70110,70890,69820,70110,591100,GAS,72400.0,78855.2,0
2021-12-03,70600,70600,68830,68830,1033200,GAS,71731.0,78935.2,0
2021-12-06,68610,69110,64830,65550,1232300,GAS,71012.0,78963.8,0
2021-12-07,67320,68750,66610,68750,964000,GAS,70435.0,78983.6,0
2021-12-08,69460,70750,68960,69960,1098500,GAS,70093.0,79003.6,0
2021-12-09,69750,71250,69110,70320,560300,GAS,69723.0,79027.8,0
2021-12-10,70110,70110,68540,68830,677400,GAS,69339.0,78929.6,0
2021-12-13,69820,70750,69250,69820,720800,GAS,69239.0,78844.2,0
2021-12-14,69750,70450,68750,69960,765000,GAS,69231.0,78690.2,0
2021-12-15,69540,69960,68680,69610,473400,GAS,69174.0,78465.0,0
2021-12-16,69820,71320,69180,70250,956600,GAS,69188.0,78288.4,0
2021-12-17,70600,71250,69680,70540,531800,GAS,69359.0,78097.6,0
2021-12-20,69820,69820,68400,68900,860700,GAS,69694.0,77872.6,0
2021-12-21,68900,69040,66970,66970,1259500,GAS,69516.0,77616.0,0
2021-12-22,68320,68830,67410,67820,592000,GAS,69302.0,77390.8,0
2021-12-23,68400,69610,67320,67820,1522500,GAS,69052.0,77161.2,0
2021-12-24,68610,69110,67900,68180,700000,GAS,68987.0,76928.8,0
2021-12-27,68180,68960,68180,68320,328900,GAS,68837.0,76635.2,0
2021-12-28,69110,70180,69110,69900,1086700,GAS,68831.0,76401.6,0
2021-12-29,70390,70390,68960,69110,458100,GAS,68781.0,76152.2,0
2021-12-30,69820,70110,69110,69110,580600,GAS,68667.0,75935.6,0
2021-12-31,69390,69390,68470,68540,674800,GAS,68467.0,75709.2,0
2022-01-04,69040,72590,69040,72590,1730300,GAS,68836.0,75565.0,0
2022-01-05,73170,75100,73030,74800,2082700,GAS,69619.0,75439.4,0
2022-01-06,74090,74740,73320,73890,827700,GAS,70226.0,75183.0,0
2022-01-07,74460,77870,73590,76600,1777900,GAS,71104.0,74933.8,0
2022-01-10,76600,76600,73380,73740,803600,GAS,71660.0,74634.6,0
2022-01-11,73380,74460,72670,73590,650100,GAS,72187.0,74377.8,0
2022-01-12,74800,77590,74800,76940,1475800,GAS,72891.0,74184.0,0
2022-01-13,77730,79080,74800,74800,772800,GAS,73460.0,73970.0,0
2022-01-14,74090,75870,73740,75170,539400,GAS,74066.0,73805.0,1
2022-01-17,76020,78150,69960,74520,1451600,GAS,74664.0,73551.4,0
2022-01-18,74090,76940,74090,76230,931200,GAS,75028.0,73323.4,0
2022-01-19,77020,77590,75170,76230,664500,GAS,75171.0,73149.6,0
2022-01-20,76230,77370,75170,77370,717300,GAS,75519.0,72981.4,0
2022-01-21,76940,77520,74600,76520,1063800,GAS,75511.0,72816.0,0
2022-01-24,76230,77660,76090,76310,1029200,GAS,75768.0,72659.4,0
2022-01-25,75520,78010,74090,78010,1322100,GAS,76210.0,72525.4,0
2022-01-26,78580,80510,77660,79940,1440600,GAS,76510.0,72461.2,0
2022-01-27,80150,81870,78510,79650,911500,GAS,76995.0,72381.4,0
2022-01-28,79730,80510,75870,77660,1656400,GAS,77244.0,72313.0,0
2022-02-07,81080,82650,79860,81720,926300,GAS,77964.0,72437.0,0
2022-02-08,81580,82280,80230,81220,637800,GAS,78463.0,72606.6,0
2022-02-09,80510,80930,78370,78370,1828900,GAS,78677.0,72683.6,0
2022-02-10,79800,80370,78370,79800,859800,GAS,78920.0,72812.0,0
2022-02-11,80150,80370,79080,79080,483000,GAS,79176.0,72913.2,0
2022-02-14,80930,84070,80370,82650,1817900,GAS,79810.0,73112.8,0
2022-02-15,82650,85210,80930,83640,1425600,GAS,80373.0,73369.2,0
2022-02-16,81580,82570,80510,81580,723400,GAS,80537.0,73600.0,0
2022-02-17,81510,84570,81010,84570,1128100,GAS,81029.0,73887.8,0
2022-02-18,83000,84570,82150,83360,732400,GAS,81599.0,74152.8,0
2022-02-21,83000,83360,82280,82510,332600,GAS,81678.0,74426.4,0
2022-02-22,84070,84420,82650,83000,721200,GAS,81856.0,74775.4,0
2022-02-23,83790,85850,82860,83360,1292100,GAS,82355.0,75067.6,0
2022-02-24,84070,87280,83580,84790,1890000,GAS,82854.0,75364.2,0
2022-02-25,85560,87060,83070,83500,1320300,GAS,83296.0,75627.8,0
2022-02-28,84790,85210,83360,84070,940300,GAS,83438.0,75932.6,0
2022-03-01,84790,84790,82720,83860,1037700,GAS,83460.0,76213.4,0
2022-03-02,85500,86340,84070,84920,1558200,GAS,83794.0,76512.6,0
2022-03-03,86840,86840,84790,86000,1368500,GAS,83937.0,76840.4,0
2022-03-04,85500,85500,84070,84070,1555800,GAS,84008.0,77116.8,0
2022-03-07,89420,89420,87280,88770,2253000,GAS,84634.0,77481.4,0
2022-03-08,87350,89630,85560,86000,1426800,GAS,84934.0,77823.4,0
2022-03-09,87490,89200,86000,87060,1297600,GAS,85304.0,78225.2,0
2022-03-10,84070,85350,83210,84420,963500,GAS,85267.0,78557.2,0
2022-03-11,84070,84070,80010,80440,1619500,GAS,84961.0,78809.6,0
2022-03-14,78370,79800,75520,75520,1389300,GAS,84106.0,78956.4,0
2022-03-15,74090,76940,72670,76940,967000,GAS,83414.0,79128.8,0
2022-03-16,77310,78370,75520,77800,617000,GAS,82702.0,79286.8,0
2022-03-17,77020,78230,76450,76450,524600,GAS,81747.0,79433.6,0
2022-03-18,76940,78230,76600,77590,601000,GAS,81099.0,79603.2,0
2022-03-21,77940,81930,77590,81220,830800,GAS,80344.0,79856.8,0
2022-03-22,81930,83000,80870,81930,788400,GAS,79937.0,80043.6,-1
2022-03-23,81440,82080,79860,80010,620500,GAS,79232.0,80147.8,0
2022-03-24,81870,81930,79730,80010,596000,GAS,78791.0,80270.2,0
2022-03-25,81150,81220,76940,78870,385200,GAS,78634.0,80315.6,0
2022-03-28,78950,80510,78580,78740,357200,GAS,78956.0,80415.6,0
2022-03-29,78370,80510,77590,79730,689800,GAS,79235.0,80538.4,0
2022-03-30,79010,79370,77730,78440,590500,GAS,79299.0,80568.4,0
2022-03-31,78370,79730,77100,77150,374200,GAS,79369.0,80615.4,0
2022-04-01,76810,79010,76230,78150,429800,GAS,79425.0,80675.0,0
2022-04-04,78440,80440,78300,80080,610500,GAS,79311.0,80786.2,0
2022-04-05,80290,81780,79080,81440,727800,GAS,79262.0,80890.4,0
2022-04-06,81510,83000,80650,81010,832600,GAS,79362.0,80986.0,0
2022-04-07,81010,81930,79730,80370,729000,GAS,79398.0,81046.0,0
2022-04-08,81080,81580,78510,78510,617300,GAS,79362.0,81085.8,0
2022-04-12,78870,80150,76230,77590,632900,GAS,79247.0,81111.4,0
2022-04-13,77730,78740,76880,78440,513600,GAS,79118.0,81120.0,0
2022-04-14,79370,80150,79300,79510,461700,GAS,79225.0,81111.4,0
2022-04-15,80150,84070,79800,82000,1786900,GAS,79710.0,81158.4,0
2022-04-18,83210,84000,81370,82150,848000,GAS,80110.0,81248.2,0
2022-04-19,83710,83710,81150,81150,676400,GAS,80217.0,81236.8,0
2022-04-20,80930,80930,75870,75950,1409200,GAS,79668.0,81131.4,0
2022-04-21,74090,77150,73380,74800,1072500,GAS,79047.0,81060.0,0
2022-04-22,74880,80010,71250,80010,1337900,GAS,79011.0,81064.2,0
2022-04-25,77660,80010,74460,74460,684200,GAS,78606.0,80971.8,0
2022-04-26,72670,77660,69900,77660,669700,GAS,78613.0,80872.0,0
2022-04-27,74460,79440,74460,79080,789600,GAS,78677.0,80780.8,0
2022-04-28,78580,78580,76730,76730,215400,GAS,78399.0,80683.8,0
2022-04-29,76230,77230,74800,75520,548300,GAS,77751.0,80502.8,0
2022-05-04,76660,78370,76370,76940,521100,GAS,77230.0,80374.4,0
2022-05-05,79080,79080,77590,77940,351200,GAS,76909.0,80283.0,0
2022-05-06,75870,78300,75870,78230,576300,GAS,77137.0,80187.6,0
2022-05-09,77660,77660,73380,74740,571900,GAS,77131.0,80015.2,0
2022-05-10,71600,77020,71250,76940,645200,GAS,76824.0,79858.2,0
2022-05-11,76450,78010,75520,77590,328500,GAS,77137.0,79740.0,0
2022-05-12,76940,76940,73810,75230,833900,GAS,76894.0,79563.2,0
2022-05-13,74310,75870,71250,71250,899400,GAS,76111.0,79311.0,0
2022-05-16,73380,73810,67680,67680,955900,GAS,75206.0,78966.2,0
2022-05-17,67680,71880,66970,71880,516700,GAS,74842.0,78683.8,0
2022-05-18,71960,75810,71460,74800,909900,GAS,74628.0,78498.4,0
2022-05-19,70890,75870,70890,75380,1136600,GAS,74372.0,78230.6,0
2022-05-20,75170,76020,73810,74460,292900,GAS,73995.0,77999.8,0
2022-05-23,75170,75300,73240,73740,541100,GAS,73895.0,77733.4,0
2022-05-24,73740,76160,73100,75380,840400,GAS,73739.0,77552.6,0
2022-05-25,75730,77230,75380,77230,764900,GAS,73703.0,77488.4,0
2022-05-26,78370,79230,75520,76660,565300,GAS,73846.0,77511.2,0
2022-05-27,77310,79230,77310,78370,404700,GAS,74558.0,77539.8,0
2022-05-30,79580,80010,78230,78370,682000,GAS,75627.0,77551.2,0
2022-05-31,78950,83860,78010,83860,2358100,GAS,76825.0,77699.4,0
2022-06-01,84570,88270,83360,86210,1740200,GAS,77966.0,77871.8,1
2022-06-02,85500,87630,83920,84710,1399300,GAS,78899.0,77941.6,0
2022-06-03,84070,89060,84070,88480,2364500,GAS,80301.0,78072.6,0
2022-06-06,89420,94400,89420,92550,2646200,GAS,82182.0,78323.4,0
2022-06-07,92550,93330,88430,92620,2035900,GAS,83906.0,78575.6,0
2022-06-08,92620,93980,91400,91840,1703300,GAS,85367.0,78835.0,0
2022-06-09,91840,92760,90620,90910,1293800,GAS,86792.0,79078.4,0
2022-06-10,90120,90910,84570,84570,2455800,GAS,87412.0,79175.2,0
2022-06-13,81930,86990,81580,84070,1737200,GAS,87982.0,79287.8,0
2022-06-14,85500,89770,84140,89770,1357700,GAS,88573.0,79540.2,0
2022-06-15,88350,91270,86060,88350,2223400,GAS,88787.0,79744.2,0
2022-06-16,89130,93980,87490,91190,2330800,GAS,89435.0,79966.4,0
2022-06-17,89060,95470,88700,95470,1558000,GAS,90134.0,80247.0,0
2022-06-20,93330,94050,88850,88850,1717900,GAS,89764.0,80403.8,0
2022-06-21,88350,90700,82650,85140,2345500,GAS,89016.0,80499.2,0
2022-06-22,84420,85500,79230,79230,1887400,GAS,87755.0,80513.6,0
2022-06-23,78370,84710,78370,83210,1113700,GAS,86985.0,80626.0,0
2022-06-24,83210,83860,81080,81220,806000,GAS,86650.0,80681.6,0
2022-06-27,81930,83860,81220,81510,903600,GAS,86394.0,80721.6,0
2022-06-28,83000,83790,82220,82650,798300,GAS,85682.0,80734.6,0
2022-06-29,82650,84070,81440,83360,968700,GAS,85183.0,80758.8,0
2022-06-30,83000,85140,82280,82280,1008200,GAS,84292.0,80781.4,0
2022-07-01,81780,82510,78370,80510,974500,GAS,82796.0,80872.6,0
2022-07-04,82050,82340,79420,79480,462800,GAS,81859.0,80966.2,0
2022-07-05,79780,81090,74650,75390,1503400,GAS,80884.0,80873.8,0
2022-07-06,72900,73120,70120,70120,1689000,GAS,79973.0,80787.0,-1
2022-07-07,68870,70630,67770,68870,628400,GAS,78539.0,80611.2,0
2022-07-08,71360,71860,69540,69970,692300,GAS,77414.0,80429.0,0
2022-07-11,69900,70920,69450,69450,477100,GAS,76208.0,80283.4,0
2022-07-12,69680,72460,69680,72460,779400,GAS,75189.0,80222.2,0
2022-07-13,71000,71000,69820,70480,896400,GAS,73901.0,80093.0,0
2022-07-14,71000,72600,71000,72310,697700,GAS,72904.0,79980.4,0
2022-07-15,72310,72380,71000,71360,516900,GAS,71989.0,79843.0,0
2022-07-18,71440,72090,70630,71360,567900,GAS,71177.0,79775.4,0
2022-07-19,72310,74650,71950,74590,933900,GAS,71097.0,79728.4,0
2022-07-20,75750,76190,74650,75390,894600,GAS,71624.0,79684.4,0
2022-07-21,75310,76850,74290,76190,862900,GAS,72356.0,79703.6,0
2022-07-22,76110,80440,76110,78900,1087700,GAS,73249.0,79856.6,0
2022-07-25,78680,80150,76420,76630,543700,GAS,73967.0,80035.6,0
2022-07-26,78830,78830,76110,76630,483400,GAS,74384.0,80130.6,0
2022-07-27,76550,77140,75750,76630,374600,GAS,74999.0,80167.2,0
2022-07-28,78320,80280,77220,77800,508900,GAS,75548.0,80215.6,0
2022-07-29,79050,80150,78160,78680,530100,GAS,76280.0,80300.0,0
2022-08-01,78680,80150,78160,78970,424900,GAS,77041.0,80404.6,0
2022-08-02,78680,79340,77360,78320,369900,GAS,77414.0,80463.4,0
2022-08-03,79260,82700,79050,81970,583600,GAS,78072.0,80558.2,0
2022-08-04,81600,81900,79420,79780,769800,GAS,78431.0,80620.6,0
2022-08-05,78900,80510,77940,80150,726100,GAS,78556.0,80656.2,0
2022-08-08,79850,81970,79050,81240,350600,GAS,79017.0,80713.6,0
2022-08-09,81470,82340,80510,81970,368600,GAS,79551.0,80675.8,0
2022-08-10,81240,82120,80580,81170,389600,GAS,80005.0,80575.0,0
2022-08-11,81970,83370,81470,82700,846900,GAS,80495.0,80534.8,0
2022-08-12,82700,84830,82700,83730,363800,GAS,81000.0,80439.8,1
2022-08-15,84170,84310,82490,83430,404300,GAS,81446.0,80257.4,0
2022-08-16,82700,83430,81970,83070,326200,GAS,81921.0,80066.4,0
2022-08-17,83430,84100,81600,82270,879200,GAS,81951.0,79875.0,0
2022-08-18,82700,86290,81900,83210,987400,GAS,82294.0,79721.0,0
2022-08-19,84100,86360,83730,84610,536800,GAS,82740.0,79721.8,0
2022-08-22,84460,85630,83950,84100,370200,GAS,83026.0,79722.4,0
2022-08-23,84530,85850,84530,85630,446500,GAS,83392.0,79639.6,0
2022-08-24,86360,87460,85630,85850,358100,GAS,83860.0,79589.6,0
2022-08-25,86290,87100,85270,85270,424500,GAS,84117.0,79471.2,0
2022-08-26,85270,85270,84240,84310,491500,GAS,84175.0,79248.0,0
2022-08-29,83590,86000,83590,86000,669800,GAS,84432.0,79191.0,0
2022-08-30,86070,87830,85630,87020,725100,GAS,84827.0,79228.6,0
2022-08-31,86220,87100,85560,85710,429300,GAS,85171.0,79358.2,0
2022-09-05,85120,86000,84680,85200,325500,GAS,85370.0,79398.0,0
2022-09-06,86000,86220,85200,85270,247300,GAS,85436.0,79479.0,0
2022-09-07,84900,84900,81970,81970,846100,GAS,85223.0,79488.2,0
2022-09-08,82700,83070,80950,81830,315200,GAS,84843.0,79471.8,0
2022-09-09,82630,83430,81680,83430,332700,GAS,84601.0,79473.2,0
2022-09-12,83430,84460,83070,83210,364100,GAS,84395.0,79491.8,0
2022-09-13,83150,84020,82560,83590,246500,GAS,84323.0,79553.4,0
2022-09-14,82190,83210,81830,82340,317100,GAS,83957.0,79610.6,0
2022-09-15,83430,83590,81380,81830,566200,GAS,83438.0,79739.4,0
2022-09-16,81240,82700,80870,81240,498800,GAS,82991.0,79961.8,0
2022-09-19,81240,82560,79050,79050,501200,GAS,82376.0,80165.4,0
2022-09-20,80510,80510,78680,79850,403400,GAS,81834.0,80363.0,0
2022-09-21,79850,80440,79260,79780,216700,GAS,81615.0,80569.6,0
2022-09-22,79780,81530,79630,81240,232400,GAS,81556.0,80745.2,0
2022-09-23,81530,83800,81240,82340,361700,GAS,81447.0,80982.4,0
2022-09-26,81240,83590,81240,83150,666700,GAS,81441.0,81199.2,0
2022-09-27,83430,83430,81240,81600,215200,GAS,81242.0,81404.0,-1
2022-09-28,80510,82120,76110,76110,662800,GAS,80619.0,81499.0,0
2022-09-29,77940,78830,76850,76850,307600,GAS,80121.0,81544.2,0
2022-09-30,74650,81970,74210,80510,719100,GAS,80048.0,81646.6,0
2022-10-03,79780,79780,77800,78320,367400,GAS,79975.0,81689.2,0
2022-10-04,78380,79780,75750,77580,260400,GAS,79748.0,81662.8,0
2022-10-05,77650,79700,77650,78320,402300,GAS,79602.0,81696.6,0
2022-10-06,78460,79420,78240,78240,447800,GAS,79302.0,81728.8,0
2022-10-07,78240,78240,74650,74650,334000,GAS,78533.0,81689.2,0
2022-10-10,74650,79850,74650,77580,431000,GAS,77976.0,81684.8,0
2022-10-11,77580,79850,76850,77650,508200,GAS,77581.0,81664.2,0
2022-10-12,76920,78900,76920,78320,169800,GAS,77802.0,81651.2,0
2022-10-13,77510,79190,76920,79050,544600,GAS,78022.0,81665.8,0
2022-10-14,79120,80660,79050,80360,387800,GAS,78007.0,81633.6,0
2022-10-17,78970,82850,78460,81600,300100,GAS,78335.0,81670.0,0
2022-10-18,82850,82850,81240,81240,448500,GAS,78701.0,81691.8,0
2022-10-19,81310,82700,79050,79850,423200,GAS,78854.0,81664.0,0
2022-10-20,79780,81240,79190,81170,165200,GAS,79147.0,81648.0,0
2022-10-21,81170,82410,78460,78460,468300,GAS,79528.0,81593.8,0
2022-10-24,78460,79700,77940,78460,503600,GAS,79616.0,81509.0,0
2022-10-25,78460,79780,77290,78460,367300,GAS,79697.0,81403.6,0
2022-10-26,78460,79190,78240,79050,181800,GAS,79770.0,81316.0,0
2022-10-27,79700,81380,78380,80510,468600,GAS,79916.0,81264.8,0
2022-10-28,80580,81240,79780,79780,194100,GAS,79858.0,81215.0,0
2022-10-31,79780,81310,79420,81310,156300,GAS,79829.0,81177.0,0
2022-11-01,81530,83070,79920,80510,451300,GAS,79756.0,81095.0,0
2022-11-02,80950,83070,79550,80510,584100,GAS,79822.0,81023.2,0
2022-11-03,81830,82120,80510,81530,162300,GAS,79858.0,80941.2,0
2022-11-04,81530,81970,79120,81240,329600,GAS,80136.0,80849.0,0
2022-11-07,81600,83070,81600,82630,404900,GAS,80553.0,80796.2,0
2022-11-08,83370,84170,82630,83730,381600,GAS,81080.0,80784.6,1
2022-11-09,83800,86000,83730,85200,404800,GAS,81695.0,80768.6,0
2022-11-10,84240,85490,80510,82990,276200,GAS,81943.0,80688.0,0
2022-11-11,83150,85270,83150,83370,170100,GAS,82302.0,80641.2,0
2022-11-14,83210,84900,81090,83290,350400,GAS,82500.0,80603.0,0
2022-11-15,83290,83800,79780,81600,421000,GAS,82609.0,80529.6,0
2022-11-16,77220,85630,77220,85630,314700,GAS,83121.0,80602.8,0
2022-11-17,84610,87830,84610,87610,442400,GAS,83729.0,80718.4,0
2022-11-18,87170,87380,81970,83650,398600,GAS,83970.0,80722.8,0
2022-11-21,83650,83800,80870,81470,172200,GAS,83854.0,80688.0,0
2022-11-22,81310,84100,79850,79920,314100,GAS,83473.0,80614.6,0
2022-11-23,80220,81750,79050,79190,227700,GAS,82872.0,80551.6,0
2022-11-24,79780,79780,76850,77430,474500,GAS,82316.0,80463.6,0
2022-11-25,78320,78680,76110,76700,398800,GAS,81649.0,80372.8,0
2022-11-28,76700,82050,76110,82050,370200,GAS,81525.0,80432.8,0
2022-11-29,81970,83370,79700,81970,405200,GAS,81562.0,80475.2,0
2022-11-30,81970,81970,80510,80660,282900,GAS,81065.0,80492.8,0
2022-12-01,81970,81970,76850,77940,514400,GAS,80098.0,80426.8,-1
2022-12-02,77940,82700,77940,81380,572000,GAS,79871.0,80407.6,0
2022-12-05,82700,83150,81020,82850,500600,GAS,80009.0,80401.6,0
2022-12-06,82700,83070,79780,80150,494500,GAS,80032.0,80372.6,0
2022-12-07,80150,81600,78160,78160,336900,GAS,79929.0,80413.6,0
2022-12-08,79120,81170,77580,77580,465900,GAS,79944.0,80428.2,0
2022-12-09,78970,79420,77580,77580,374700,GAS,80032.0,80369.6,0
2022-12-12,79050,79340,76850,76850,350200,GAS,79512.0,80340.2,0
2022-12-13,78240,78680,76920,77290,400900,GAS,79044.0,80334.4,0
2022-12-14,78020,79050,77940,78680,277500,GAS,78846.0,80341.6,0
2022-12-15,78320,79050,77290,77800,504800,GAS,78832.0,80332.8,0
2022-12-16,77800,78970,77430,77870,256100,GAS,78481.0,80397.2,0
2022-12-19,77580,78160,77000,77000,449500,GAS,77896.0,80385.6,0
2022-12-20,76850,77220,75820,76700,218300,GAS,77551.0,80366.6,0
2022-12-21,77580,77580,75750,75750,198400,GAS,77310.0,80315.2,0
2022-12-22,76850,76850,74070,74070,254000,GAS,76959.0,80215.6,0
2022-12-23,75010,75970,74290,74290,261500,GAS,76630.0,80094.2,0
2022-12-26,74730,76550,74730,75100,332400,GAS,76455.0,79964.2,0
2022-12-27,76050,76110,75390,76050,33100,GAS,76331.0,79860.4,0
2022-12-27,76050,76110,74500,75460,154700,GAS,76009.0,79772.6,0
2022-12-28,75820,76110,74800,75390,221800,GAS,75768.0,79657.0,0
2022-12-29,76050,76050,75100,75100,97600,GAS,75491.0,79589.8,0
2022-12-30,75100,75230,74290,74290,141500,GAS,75220.0,79506.4,0
2023-01-03,74650,76850,74590,76850,287800,GAS,75235.0,79474.2,0
2023-01-04,77220,77220,76110,76850,225000,GAS,75345.0,79430.2,0
2023-01-05,76850,78100,76480,78020,270100,GAS,75740.0,79380.4,0
2023-01-06,77940,78240,76550,76630,138800,GAS,75974.0,79317.4,0
2023-01-09,77070,77290,76110,76480,153500,GAS,76112.0,79220.8,0
2023-01-10,76480,76550,75460,76550,256300,GAS,76162.0,79141.6,0
2023-01-11,76780,77140,76190,76270,108100,GAS,76243.0,79056.8,0
2023-01-12,76270,77000,76270,76850,236800,GAS,76389.0,78963.2,0
2023-01-13,76550,77220,76420,76480,193100,GAS,76527.0,78868.0,0
2023-01-16,76700,76700,75390,75390,244900,GAS,76637.0,78723.2,0
2023-01-17,75390,76630,75010,76270,290300,GAS,76579.0,78574.0,0
2023-01-18,76780,77360,76270,76330,151800,GAS,76527.0,78396.6,0
2023-01-19,76630,76780,75750,76480,249800,GAS,76373.0,78266.4,0
2023-01-27,76920,80660,76920,79190,535400,GAS,76629.0,78182.8,0
2023-01-30,79780,79850,78020,78020,267500,GAS,76783.0,78077.4,0
2023-01-31,78020,78680,77290,77800,283700,GAS,76908.0,78001.4,0
2023-02-01,78240,80950,77580,78020,732800,GAS,77083.0,77849.2,0
2023-02-02,78320,79050,77870,78320,293900,GAS,77230.0,77663.4,0
2023-02-03,78160,78320,77000,77000,258900,GAS,77282.0,77530.4,0
2023-02-06,77000,78320,76270,77580,242000,GAS,77501.0,77452.6,1
2023-02-07,78100,78900,76850,77800,287400,GAS,77654.0,77410.2,0
2023-02-08,77800,79050,77730,78540,273500,GAS,77875.0,77397.2,0
2023-02-09,78970,79630,78540,79120,314600,GAS,78139.0,77431.0,0
2023-02-10,79120,79120,77650,77650,202400,GAS,77985.0,77450.0,0
2023-02-13,77650,78900,77070,77510,201400,GAS,77934.0,77359.2,0
2023-02-14,77800,78320,77290,77290,108200,GAS,77883.0,77265.6,0
2023-02-15,77580,78680,77360,78380,181700,GAS,77919.0,77220.0,0
2023-02-16,77870,79700,77870,78970,261100,GAS,77984.0,77240.6,0
2023-02-17,78680,78970,78100,78460,186300,GAS,78130.0,77182.2,0
2023-02-20,78540,79780,78540,79780,200100,GAS,78350.0,77120.8,0
2023-02-21,79420,80150,79260,79260,216200,GAS,78496.0,77103.0,0
2023-02-22,78680,80510,78240,78320,240700,GAS,78474.0,77106.2,0
2023-02-23,78750,78750,76700,77430,174700,GAS,78305.0,77103.2,0
2023-02-24,77580,78680,76850,77940,127400,GAS,78334.0,77110.4,0
2023-02-27,77940,77940,75390,76110,245200,GAS,78194.0,77095.6,0
2023-02-28,76850,77140,75680,75750,73500,GAS,78040.0,77064.8,0
2023-03-01,75530,77510,75530,76920,113000,GAS,77894.0,77029.6,0
2023-03-02,76850,77430,76550,76850,115100,GAS,77682.0,77010.6,0
2023-03-03,77510,77510,75230,76480,184400,GAS,77484.0,76982.8,0
2023-03-06,76850,77220,75820,75900,91900,GAS,77096.0,76960.8,0
2023-03-07,76780,77220,76050,76480,203700,GAS,76818.0,76956.4,-1
2023-03-08,75970,77510,75900,77510,147800,GAS,76737.0,76991.6,0
2023-03-09,77070,78970,77070,78160,190600,GAS,76810.0,77073.4,0
2023-03-10,77800,78540,77220,78320,229400,GAS,76848.0,77154.0,0
2023-03-13,78320,79420,77510,79120,347000,GAS,77149.0,77234.4,0
2023-03-14,77800,79050,77220,78830,185000,GAS,77457.0,77290.0,1
2023-03-15,78830,79050,78020,78320,196300,GAS,77597.0,77347.2,0
2023-03-16,78320,78320,76270,76550,277700,GAS,77567.0,77370.4,0
2023-03-17,77070,77730,75900,75900,226600,GAS,77509.0,77386.4,0
2023-03-20,76110,76550,75310,75390,189500,GAS,77458.0,77408.4,0
2023-03-21,75530,76110,75100,75530,112000,GAS,77363.0,77382.0,-1
2023-03-22,76110,76110,75170,75310,113100,GAS,77143.0,77351.2,0
2023-03-23,75010,75390,74650,74950,83700,GAS,76822.0,77289.8,0
2023-03-24,75100,75820,74730,74730,240100,GAS,76463.0,77251.8,0
2023-03-27,75010,75460,74800,74800,51400,GAS,76031.0,77218.2,0
2023-03-28,74950,76190,74950,76050,257000,GAS,75753.0,77208.2,0
2023-03-29,75900,75900,75100,75310,65900,GAS,75452.0,77189.0,0
2023-03-30,75390,76050,75010,75170,122700,GAS,75314.0,77155.4,0
2023-03-31,74950,75530,74500,74650,208500,GAS,75189.0,77118.8,0
2023-04-03,75820,75970,74650,74950,311600,GAS,75145.0,77110.0,0
2023-04-04,75750,75750,74500,74650,514500,GAS,75057.0,77077.6,0
2023-04-05,75310,75310,74500,74590,189300,GAS,74985.0,77042.8,0
2023-04-06,75170,75170,74210,74430,286900,GAS,74933.0,77001.8,0
2023-04-07,74210,74590,73990,74140,89500,GAS,74874.0,76900.8,0
2023-04-10,73990,74430,72900,72970,398700,GAS,74691.0,76799.8,0
2023-04-11,72820,73480,72820,72970,213700,GAS,74383.0,76703.2,0
2023-04-12,73180,73990,72900,72970,269100,GAS,74149.0,76602.2,0
2023-04-13,73850,73850,72970,73180,165000,GAS,73950.0,76499.4,0
2023-04-14,73700,73700,72090,72170,225100,GAS,73702.0,76402.8,0
2023-04-17,71860,72170,71060,71280,227300,GAS,73335.0,76276.8,0
2023-04-18,71360,71580,70770,70850,178600,GAS,72955.0,76137.8,0
2023-04-19,71360,71580,69600,69680,311500,GAS,72464.0,75960.6,0
2023-04-20,70260,71360,69970,70480,267200,GAS,72069.0,75787.8,0
2023-04-21,70850,70850,69680,69820,414800,GAS,71637.0,75631.2,0
2023-04-24,69900,70040,68430,68580,505900,GAS,71198.0,75452.6,0
2023-04-25,68800,68800,67330,67410,278500,GAS,70642.0,75255.0,0
2023-04-26,67040,68940,67040,68290,302400,GAS,70174.0,75053.2,0
2023-04-27,68500,68940,67550,67700,281800,GAS,69626.0,74827.8,0
2023-04-28,68290,68290,67550,67770,150400,GAS,69186.0,74614.0,0
2023-05-04,67410,67920,67040,67330,204200,GAS,68791.0,74365.0,0
2023-05-05,67330,67630,67040,67040,153000,GAS,68410.0,74120.6,0
2023-05-08,67480,68130,67480,68070,244200,GAS,68249.0,73915.6,0
2023-05-09,68430,69320,68430,68870,262800,GAS,68088.0,73744.4,0
2023-05-10,69240,69240,67920,68130,237500,GAS,67919.0,73548.2,0
2023-05-11,68430,68650,67480,67700,385400,GAS,67831.0,73380.0,0
2023-05-12,67330,67920,67330,67700,244400,GAS,67860.0,73219.0,0
2023-05-15,68070,68730,67550,67550,366200,GAS,67786.0,73031.6,0
2023-05-16,68070,68220,67480,67480,233100,GAS,67764.0,72844.2,0
2023-05-17,67700,68070,67190,67190,282500,GAS,67706.0,72658.4,0
2023-05-18,67330,68430,67190,68360,480900,GAS,67809.0,72507.6,0
2023-05-19,68220,69900,68130,68940,817500,GAS,67999.0,72356.8,0
2023-05-22,69900,69970,68800,69160,298400,GAS,68108.0,72189.8,0
2023-05-23,69450,69450,68130,68430,397800,GAS,68064.0,71995.2,0
2023-05-24,68580,68580,67700,67700,413900,GAS,68021.0,71782.8,0
2023-05-25,68070,69380,67700,69320,611300,GAS,68183.0,71586.8,0
2023-05-26,69820,69820,68430,68580,428800,GAS,68271.0,71381.8,0
2023-05-29,68800,69090,68430,68650,415700,GAS,68381.0,71188.4,0
2023-05-30,68650,68800,67920,68000,586500,GAS,68433.0,71017.4,0
2023-05-31,67920,68220,67920,67920,405400,GAS,68506.0,70857.8,0
2023-06-01,68430,68430,67330,67330,548100,GAS,68403.0,70696.6,0
2023-06-02,67550,67920,67330,67330,574800,GAS,68242.0,70532.6,0
2023-06-05,67770,68800,67770,68800,521600,GAS,68206.0,70402.4,0
2023-06-06,69160,70120,69020,69600,837700,GAS,68323.0,70295.4,0
2023-06-07,69680,69900,68650,69160,706700,GAS,68469.0,70184.0,0
2023-06-08,69540,69680,68290,68500,632000,GAS,68387.0,70058.0,0
2023-06-09,68500,68870,68220,68580,288800,GAS,68387.0,69908.6,0
2023-06-12,69090,69090,68000,68730,490200,GAS,68395.0,69777.0,0
2023-06-13,69020,69090,68500,68800,582100,GAS,68475.0,69649.6,0
2023-06-14,68870,70040,68870,69240,760100,GAS,68607.0,69541.4,0
2023-06-15,69450,71580,69320,70700,1299100,GAS,68944.0,69456.4,0
2023-06-16,71140,71280,69900,69900,589800,GAS,69201.0,69361.4,0
2023-06-19,70040,70920,69680,69680,637900,GAS,69289.0,69263.2,1
2023-06-20,69680,70630,69380,70630,508200,GAS,69392.0,69187.2,0
2023-06-21,70630,70630,69750,70120,483500,GAS,69488.0,69106.8,0
2023-06-22,70120,70630,69900,69970,812800,GAS,69635.0,69046.8,0
2023-06-23,70480,70480,69540,69680,628300,GAS,69745.0,68981.0,0
2023-06-26,69680,70480,69600,70260,942400,GAS,69898.0,68926.8,0
2023-06-27,70770,71000,70260,70480,510600,GAS,70066.0,68872.8,0
2023-06-28,70920,70920,69820,69820,762500,GAS,70124.0,68825.8,0
2023-06-29,69900,70120,69240,69240,710100,GAS,69978.0,68785.0,0
2023-06-30,69240,69540,68070,68070,681400,GAS,69795.0,68729.4,0
2023-07-03,68650,69160,68500,68800,380900,GAS,69707.0,68711.8,0
2023-07-04,69090,69820,68870,69600,498400,GAS,69604.0,68694.2,0
2023-07-05,69750,69750,69020,69020,410400,GAS,69494.0,68678.2,0
2023-07-06,69540,70630,69320,69680,1374300,GAS,69465.0,68700.2,0
2023-07-07,70040,70700,69750,70260,672500,GAS,69523.0,68757.2,0
2023-07-10,70630,71440,70550,71360,1125900,GAS,69633.0,68818.6,0
2023-07-11,71580,71730,71000,71140,719600,GAS,69699.0,68887.4,0
2023-07-12,71440,71440,70410,70630,568500,GAS,69780.0,68944.6,0
2023-07-13,71000,72900,70700,72680,1368300,GAS,70124.0,69051.6,0
2023-07-14,72820,73550,72090,72460,695200,GAS,70563.0,69160.0,0
2023-07-17,72530,72600,71800,72460,514100,GAS,70929.0,69247.8,0
2023-07-18,72460,73480,72090,73050,742300,GAS,71274.0,69331.4,0
2023-07-19,73410,73410,72380,72380,526000,GAS,71610.0,69416.4,0
2023-07-20,72240,72600,71360,72240,562600,GAS,71866.0,69507.2,0
2023-07-21,72240,72750,71800,72750,532600,GAS,72115.0,69608.2,0
2023-07-24,72970,73120,72020,72090,539100,GAS,72188.0,69699.0,0
2023-07-25,72310,72900,72090,72310,413300,GAS,72305.0,69795.6,0
2023-07-26,72310,72310,71860,71860,390200,GAS,72428.0,69889.0,0
2023-07-27,72090,72310,71800,71860,468200,GAS,72346.0,69959.0,0
2023-07-28,71730,72900,71730,72820,537300,GAS,72382.0,70036.6,0
2023-07-31,73270,75100,73270,74370,1189900,GAS,72573.0,70140.8,0
2023-08-01,74870,74870,73700,73700,608900,GAS,72638.0,70246.2,0
2023-08-02,73920,74370,73120,73480,330500,GAS,72748.0,70361.8,0
2023-08-03,73480,73550,72900,72900,451000,GAS,72814.0,70433.4,0
2023-08-04,72900,73850,72750,73410,544800,GAS,72880.0,70530.0,0
2023-08-07,74140,74140,73120,73850,351200,GAS,73056.0,70634.0,0
2023-08-08,73850,74210,73630,74070,529700,GAS,73232.0,70755.4,0
2023-08-09,74210,74210,73630,73920,371500,GAS,73438.0,70875.4,0
2023-08-10,74590,75900,74290,74650,771900,GAS,73717.0,71021.8,0
2023-08-11,74500,74650,73700,74290,344200,GAS,73864.0,71161.0,0
2023-08-14,74370,74590,73550,73630,549300,GAS,73790.0,71257.6,0
2023-08-15,73700,73700,73270,73480,326400,GAS,73768.0,71335.2,0
2023-08-16,73480,74210,73180,73330,403400,GAS,73753.0,71418.6,0
2023-08-17,73180,73920,72900,73180,416400,GAS,73781.0,71512.2,0
2023-08-18,73120,73120,71440,71440,905200,GAS,73584.0,71569.4,0
2023-08-21,72170,72750,71800,72530,451700,GAS,73452.0,71645.4,0
2023-08-22,72820,73920,72460,73410,598300,GAS,73386.0,71737.6,0
2023-08-23,73410,74730,73410,74590,724300,GAS,73453.0,71844.6,0
2023-08-24,75010,75010,74590,74950,553400,GAS,73483.0,71929.6,0
2023-08-25,74950,74950,73920,74210,539600,GAS,73475.0,72015.8,0
2023-08-28,74870,75970,74500,75530,687500,GAS,73665.0,72132.8,0
2023-08-29,76600,76600,75380,75760,543100,GAS,73893.0,72235.4,0
2023-08-30,75830,75830,74920,75300,426600,GAS,74090.0,72339.0,0
2023-08-31,75300,75460,74780,74780,573700,GAS,74250.0,72435.2,0
2023-09-05,75990,75990,74850,75530,420600,GAS,74659.0,72552.2,0
2023-09-06,75760,77200,75610,76970,547900,GAS,75103.0,72686.4,0
2023-09-07,76900,78260,76290,78030,911900,GAS,75565.0,72837.4,0
2023-09-08,78030,78340,77510,77510,548900,GAS,75857.0,72991.2,0
2023-09-11,78490,78490,76670,76900,371800,GAS,76052.0,73144.4,0
2023-09-12,77510,78560,76670,77880,588800,GAS,76419.0,73340.6,0
2023-09-13,78190,80610,77880,80080,1296300,GAS,76874.0,73566.2,0
2023-09-14,80080,81830,79250,80380,552900,GAS,77336.0,73781.8,0
2023-09-15,81150,83190,80460,83110,793000,GAS,78117.0,74063.6,0
2023-09-18,83340,84860,81900,82660,469500,GAS,78905.0,74323.2,0
2023-09-19,82660,84180,81600,83420,404100,GAS,79694.0,74586.4,0
2023-09-20,83420,83420,82200,82660,428400,GAS,80263.0,74812.4,0
2023-09-21,82360,82660,80770,80770,774100,GAS,80537.0,75005.0,0
2023-09-22,81810,82810,80810,82720,730800,GAS,81058.0,75246.8,0
2023-09-25,82720,83720,80990,81450,507700,GAS,81513.0,75422.2,0
2023-09-26,81450,82080,80810,80810,441600,GAS,81806.0,75589.2,0
2023-09-27,80990,81450,78260,80900,570500,GAS,81888.0,75758.0,0
2023-09-28,81720,83270,80900,83270,924000,GAS,82177.0,75962.4,0
2023-09-29,83450,83450,81450,82540,596500,GAS,82120.0,76165.6,0
2023-10-02,82360,82360,80900,81270,289100,GAS,81981.0,76346.2,0
2023-10-03,80810,80810,78260,78540,546000,GAS,81493.0,76462.0,0
2023-10-04,78260,78720,78080,78080,603600,GAS,81035.0,76581.8,0
2023-10-05,77990,78080,76620,76620,589900,GAS,80620.0,76668.0,0
2023-10-06,76530,76620,75530,76620,350400,GAS,80010.0,76763.2,0
2023-10-09,78720,79450,77810,78810,514800,GAS,79746.0,76902.2,0
2023-10-10,79350,80260,77720,78630,986100,GAS,79528.0,77018.4,0
2023-10-11,79170,79630,77810,78260,658700,GAS,79264.0,77096.2,0
2023-10-12,78630,78630,77350,78260,639900,GAS,78763.0,77187.4,0
2023-10-13,77440,78260,76810,78080,431800,GAS,78317.0,77279.4,0
2023-10-16,78720,79990,78720,79080,874500,GAS,78098.0,77403.0,0
2023-10-17,78900,79080,77530,77530,454400,GAS,77997.0,77485.4,0
2023-10-18,77350,77440,74170,75530,792800,GAS,77742.0,77519.0,0
2023-10-19,75530,75990,74530,74530,638800,GAS,77533.0,77528.2,0
2023-10-20,74800,75710,72800,75710,812700,GAS,77442.0,77564.0,-1
2023-10-23,75810,75810,73170,73350,467400,GAS,76896.0,77538.0,0
2023-10-24,73710,73990,72800,73890,348400,GAS,76422.0,77530.0,0
2023-10-25,73710,74080,73170,73170,329400,GAS,75913.0,77520.8,0
2023-10-26,70800,72800,68710,68710,1072900,GAS,74958.0,77425.4,0
2023-10-27,69620,71440,68800,70620,377800,GAS,74212.0,77371.2,0
2023-10-30,70620,70710,69620,69710,256600,GAS,73275.0,77301.8,0
2023-10-31,69710,70160,69160,69710,355200,GAS,72493.0,77267.2,0
2023-11-01,70530,70530,69440,69980,296600,GAS,71938.0,77216.2,0
2023-11-02,70350,72070,69980,72070,444700,GAS,71692.0,77189.4,0
2023-11-03,72260,72530,71260,71980,455300,GAS,71319.0,77137.2,0
2023-11-06,71980,71980,70980,71890,415200,GAS,71173.0,77076.0,0
2023-11-07,71890,73170,71440,71710,309800,GAS,70955.0,77026.0,0
2023-11-08,71070,72800,70980,72800,504300,GAS,70918.0,76971.4,0
2023-11-09,72800,73170,71890,72800,628100,GAS,71327.0,76912.2,0
2023-11-10,71890,72800,71440,71620,525700,GAS,71427.0,76838.6,0
2023-11-13,71890,72350,71530,71890,306300,GAS,71645.0,76780.8,0
2023-11-14,72170,72530,71440,71980,445500,GAS,71872.0,76709.8,0
2023-11-15,72440,73440,72440,72890,823800,GAS,72163.0,76628.2,0
2023-11-16,72710,72800,71890,72800,652000,GAS,72236.0,76523.6,0
2023-11-17,72440,72530,71260,71620,778800,GAS,72200.0,76405.8,0
2023-11-20,70710,71800,70620,71260,572600,GAS,72137.0,76293.0,0
2023-11-21,71710,71980,71260,71890,379300,GAS,72155.0,76173.2,0
2023-11-22,71890,72170,71350,71890,481600,GAS,72064.0,76009.4,0
2023-11-23,71980,72070,70070,70070,611500,GAS,71791.0,75803.2,0
2023-11-24,70160,70620,69160,70530,624900,GAS,71682.0,75551.6,0
2023-11-27,70710,70710,69620,69890,404100,GAS,71482.0,75296.2,0
2023-11-28,69620,70070,68980,70070,526300,GAS,71291.0,75029.2,0
2023-11-29,69800,70980,69710,70800,596100,GAS,71082.0,74792.0,0
2023-11-30,70890,71260,69620,69620,465700,GAS,70764.0,74569.0,0
2023-12-01,70070,70890,69710,70710,492700,GAS,70673.0,74328.8,0
2023-12-04,70800,71980,70710,71890,783500,GAS,70736.0,74137.6,0
2023-12-05,71890,72710,71620,71890,661500,GAS,70736.0,73959.2,0
2023-12-06,71890,72620,71800,72620,480100,GAS,70809.0,73793.6,0
2023-12-07,72260,72350,70530,70890,856700,GAS,70891.0,73546.0,0
2023-12-08,71070,71620,70530,70620,884500,GAS,70900.0,73307.6,0
2023-12-11,71530,71530,70800,71260,694500,GAS,71037.0,73107.4,0
2023-12-12,71260,71350,70890,71160,471100,GAS,71146.0,72959.8,0
2023-12-13,71160,71160,69890,69980,1119800,GAS,71064.0,72797.8,0
2023-12-14,69980,70710,69800,69980,403200,GAS,71100.0,72665.0,0
2023-12-15,69980,69980,69160,69160,806600,GAS,70945.0,72515.8,0
2023-12-18,69160,69250,68710,68710,615300,GAS,70627.0,72313.8,0
2023-12-19,68250,68620,67520,68250,886500,GAS,70263.0,72106.2,0
2023-12-20,68710,68710,68070,68430,573700,GAS,69844.0,71909.6,0
2023-12-21,68250,68340,67710,67980,727800,GAS,69553.0,71704.0,0
2023-12-22,68160,68430,67620,67980,616600,GAS,69289.0,71502.0,0
2023-12-25,67980,69800,67980,69620,1056300,GAS,69125.0,71312.8,0
2023-12-26,69800,69800,68890,69530,755000,GAS,68962.0,71152.8,0
2023-12-27,69530,69800,69250,69440,706400,GAS,68908.0,71031.0,0
2023-12-28,69530,69530,68800,69160,767200,GAS,68826.0,70923.6,0
2023-12-29,69340,69440,68710,68710,1035000,GAS,68781.0,70783.6,0
2024-01-02,68980,69440,68710,68800,693400,GAS,68790.0,70692.6,0
2024-01-03,68710,69160,68620,69160,569300,GAS,68881.0,70598.0,0
2024-01-04,69160,70440,69160,69800,1507700,GAS,69018.0,70530.6,0
2024-01-05,70070,70440,70070,70250,1077100,GAS,69245.0,70561.4,0
2024-01-08,70350,70800,69620,69890,1022900,GAS,69436.0,70546.8,0
2024-01-09,69890,70070,69070,69070,891500,GAS,69381.0,70534.0,0
2024-01-10,69340,69530,68710,68710,1027400,GAS,69299.0,70514.0,0
2024-01-11,68890,69250,68710,69160,494000,GAS,69271.0,70497.6,0
2024-01-12,69250,69250,68250,68340,809900,GAS,69189.0,70423.0,0
2024-01-15,68710,69070,68710,68890,441100,GAS,69207.0,70361.2,0
2024-01-16,68710,68890,68250,68800,457100,GAS,69207.0,70299.4,0
2024-01-17,69160,69160,68340,68430,831700,GAS,69134.0,70233.8,0
2024-01-18,68430,68800,68430,68530,413100,GAS,69007.0,70148.4,0
2024-01-19,68710,69800,68620,69800,1004200,GAS,68962.0,70088.4,0
2024-01-22,69980,69980,69340,69440,482700,GAS,68917.0,70044.8,0
2024-01-23,69530,69800,69160,69250,763000,GAS,68935.0,69992.0,0
2024-01-24,69250,69530,68890,68980,479600,GAS,68962.0,69932.0,0
2024-01-25,68980,69250,68620,68620,548000,GAS,68908.0,69846.6,0
2024-01-26,69160,69620,68430,68430,729000,GAS,68917.0,69759.2,0
2024-01-29,68530,69800,68530,69710,924600,GAS,68999.0,69721.0,0
2024-01-30,69250,69710,69250,69530,504300,GAS,69072.0,69686.4,0
2024-01-31,69620,69620,68620,68620,595700,GAS,69091.0,69621.0,0
2024-02-01,68710,68890,68530,68710,514700,GAS,69109.0,69557.4,0
2024-02-02,69070,69070,68430,68430,675400,GAS,68972.0,69524.6,0
2024-02-05,68430,68980,68340,68430,638800,GAS,68871.0,69482.6,0
2024-02-06,68710,69070,68620,68890,796900,GAS,68835.0,69462.6,0
2024-02-07,68890,68980,68710,68890,474300,GAS,68826.0,69439.0,0
2024-02-15,68980,69160,68890,68890,549700,GAS,68853.0,69400.8,0
2024-02-16,68890,70070,68890,69710,1013500,GAS,68981.0,69402.6,0
2024-02-19,70160,72350,70070,72170,2373000,GAS,69227.0,69431.8,0
2024-02-20,72350,72530,71160,71530,1007300,GAS,69427.0,69424.6,1
2024-02-21,71530,71530,70530,70710,1111900,GAS,69636.0,69401.0,0
2024-02-22,70980,71620,70530,70890,1037600,GAS,69854.0,69366.4,0
2024-02-23,71070,71260,69530,69530,1955100,GAS,69964.0,69339.2,0
2024-02-26,69620,69890,68980,69340,1094800,GAS,70055.0,69313.6,0
2024-02-27,69620,70800,69340,70620,1154300,GAS,70228.0,69300.8,0
2024-02-28,70980,72070,70710,70980,1570600,GAS,70437.0,69297.2,0
2024-02-29,71440,71440,70250,70440,1255800,GAS,70592.0,69306.4,0
2024-03-01,70800,70800,70350,70620,991000,GAS,70683.0,69319.2,0
2024-03-04,70800,71440,70710,70800,1137700,GAS,70546.0,69352.0,0
2024-03-05,70980,72070,70800,71890,2069600,GAS,70582.0,69415.6,0
2024-03-06,72260,74260,72260,72890,2289000,GAS,70800.0,69508.4,0
2024-03-07,72980,73440,72440,73170,1247100,GAS,71028.0,69603.2,0
2024-03-08,73710,74260,72350,72350,2105800,GAS,71310.0,69690.6,0
2024-03-11,72350,72350,70800,70800,1478000,GAS,71456.0,69747.0,0
2024-03-12,70800,71440,70710,70890,1174600,GAS,71483.0,69772.4,0
2024-03-13,71350,72070,70980,71890,1230900,GAS,71574.0,69819.6,0
2024-03-14,72530,74080,72260,73710,3837000,GAS,71901.0,69905.0,0
2024-03-15,73990,75440,73440,74900,2398900,GAS,72329.0,70019.8,0
2024-03-18,74900,75440,72710,72980,2494200,GAS,72547.0,70105.2,0
2024-03-19,73710,73710,72530,72530,950400,GAS,72611.0,70179.8,0
2024-03-20,72800,73890,72440,73710,1462300,GAS,72693.0,70270.8,0
2024-03-21,74530,74530,73260,73710,938700,GAS,72747.0,70349.0,0
2024-03-22,73710,74170,73170,73260,1235000,GAS,72838.0,70409.2,0
2024-03-25,73260,74080,72890,73170,972900,GAS,73075.0,70474.8,0
2024-03-26,73260,73620,72800,73440,596500,GAS,73330.0,70562.2,0
2024-03-27,73890,74350,72890,73080,847300,GAS,73449.0,70649.6,0
2024-03-28,73170,73440,72710,73080,774800,GAS,73386.0,70728.0,0
2024-03-29,73350,73890,72980,72980,616400,GAS,73194.0,70820.8,0
2024-04-01,72980,73440,72620,73350,747700,GAS,73231.0,70910.0,0
2024-04-02,73170,75170,72710,75080,1742200,GAS,73486.0,71035.6,0
2024-04-03,75080,75900,74440,74440,1761700,GAS,73559.0,71155.8,0
2024-04-04,74620,74990,73800,74170,751900,GAS,73605.0,71268.6,0
2024-04-05,73710,75710,73170,73620,1384300,GAS,73641.0,71345.0,0
2024-04-08,73710,73710,72620,72620,675700,GAS,73586.0,71408.6,0
2024-04-09,72800,73260,72350,72710,623600,GAS,73513.0,71477.8,0
2024-04-10,72710,73260,72070,72070,637900,GAS,73412.0,71539.6,0
2024-04-11,71800,72170,71530,71710,645500,GAS,73275.0,71601.4,0
2024-04-12,71890,72620,71710,72530,360000,GAS,73230.0,71683.4,0
2024-04-15,72710,73350,67520,69160,1096500,GAS,72811.0,71672.4,0
2024-04-16,69340,69980,68250,69160,1116000,GAS,72219.0,71665.0,0
2024-04-17,69340,69620,68340,68340,650100,GAS,71609.0,71659.4,-1
2024-04-19,68340,69340,67980,68250,884100,GAS,71017.0,71650.2,0
2024-04-22,68430,68800,68160,68250,820000,GAS,70480.0,71646.6,0
2024-04-23,68710,68710,67340,67520,474500,GAS,69970.0,71628.4,0
2024-04-24,68250,68250,67620,67890,852300,GAS,69488.0,71608.4,0
2024-04-25,67890,68160,67340,67340,788500,GAS,69015.0,71577.4,0
2024-04-26,67250,67520,66890,66890,774000,GAS,68533.0,71537.4,0
2024-05-02,66430,67620,66430,67250,692000,GAS,68005.0,71488.2,0
2024-05-03,67430,67890,67250,67520,514700,GAS,67841.0,71395.2,0
2024-05-06,67800,68430,67800,68070,890300,GAS,67732.0,71326.0,0
2024-05-07,68620,69440,67980,69440,1496500,GAS,67842.0,71300.6,0
2024-05-08,69530,70620,68430,70440,1383100,GAS,68061.0,71291.6,0
2024-05-09,70530,70530,69250,69250,772400,GAS,68161.0,71286.0,0
2024-05-10,69440,69890,68160,68710,650900,GAS,68280.0,71273.4,0
2024-05-13,69070,69250,68250,68430,630700,GAS,68334.0,71229.6,0
2024-05-14,68710,69070,68160,68430,785300,GAS,68443.0,71178.6,0
2024-05-15,68430,68980,68160,68710,883300,GAS,68625.0,71144.0,0
2024-05-16,69160,69620,69070,69070,1116700,GAS,68807.0,71113.0,0
2024-05-17,69340,69340,68710,68890,965100,GAS,68944.0,71074.8,0
2024-05-20,69250,69890,69160,69160,1110600,GAS,69053.0,71020.2,0
2024-05-21,69340,70620,69160,69800,1696800,GAS,69089.0,70958.4,0
2024-05-22,70350,70350,69620,69710,832300,GAS,69016.0,70889.2,0
2024-05-23,69710,72710,69530,72710,3989500,GAS,69362.0,70896.4,0
2024-05-24,73260,74170,70800,71890,2572800,GAS,69680.0,70918.2,0
2024-05-27,71890,73990,71070,73710,2133900,GAS,70208.0,70974.6,0
2024-05-28,74620,74990,73710,74530,2232700,GAS,70818.0,71027.4,0
2024-05-29,75530,76900,73800,74800,3691900,GAS,71427.0,71049.2,1
2024-05-30,74530,74900,72890,73800,2355400,GAS,71900.0,71027.2,0
2024-05-31,74170,74350,72890,72890,1429500,GAS,72300.0,71025.4,0
2024-06-03,73620,74350,73170,73170,1706000,GAS,72701.0,71038.2,0
2024-06-04,73170,74530,73080,73530,1515300,GAS,73074.0,71034.6,0
2024-06-05,73620,74800,73350,73350,1781200,GAS,73438.0,71027.4,0
2024-06-06,74170,74170,72980,73080,1056200,GAS,73475.0,71023.8,0
2024-06-07,73260,73710,73080,73080,874000,GAS,73594.0,71022.0,0
2024-06-10,73530,73710,73080,73080,1115800,GAS,73531.0,71014.8,0
2024-06-11,73440,74260,73080,73080,2392700,GAS,73386.0,71014.8,0
2024-06-12,73260,73710,72890,73170,1336700,GAS,73223.0,71016.6,0
2024-06-13,73710,73710,72980,72980,1403600,GAS,73141.0,71016.6,0
2024-06-14,72980,73350,71890,71890,2277200,GAS,73041.0,70987.4,0
2024-06-17,71890,72170,70620,70620,1251500,GAS,72786.0,70898.2,0
2024-06-18,70980,71890,70980,70980,938200,GAS,72531.0,70829.0,0
2024-06-19,71160,71710,70890,71160,994100,GAS,72312.0,70768.8,0
2024-06-20,71620,71800,70980,70980,831500,GAS,72102.0,70716.0,0
2024-06-21,71160,71890,70890,70890,1053300,GAS,71883.0,70681.4,0
2024-06-24,70890,71350,69530,69620,1726600,GAS,71537.0,70619.6,0
2024-06-25,69710,70250,69440,69440,1018000,GAS,71173.0,70567.0,0
2024-06-26,69620,69980,69250,69620,1133800,GAS,70818.0,70525.2,0
2024-06-27,69710,70800,69620,69620,1010000,GAS,70482.0,70467.0,0
2024-06-28,69710,70250,69620,69710,660200,GAS,70264.0,70478.0,-1
2024-07-01,69800,70710,69710,70710,792100,GAS,70273.0,70509.0,0
2024-07-02,70980,71260,70620,71160,876400,GAS,70291.0,70565.4,0
2024-07-03,71440,71440,70980,71160,640700,GAS,70291.0,70623.6,0
2024-07-04,71350,72530,71160,71160,1165700,GAS,70309.0,70681.8,0
2024-07-05,71440,72170,71350,71530,752100,GAS,70373.0,70762.0,0
2024-07-08,71620,71980,71440,71620,793300,GAS,70573.0,70836.6,0
2024-07-09,71890,71890,71350,71890,1535400,GAS,70818.0,70927.6,0
2024-07-10,72070,72530,71440,71440,1121400,GAS,71000.0,71018.6,0
2024-07-11,71530,71800,71160,71160,728000,GAS,71154.0,71096.8,1
2024-07-12,71620,72710,70710,70980,1232700,GAS,71281.0,71166.0,0
2024-07-15,71890,72260,71260,71260,1208600,GAS,71336.0,71229.8,0
2024-07-16,71890,71980,71260,71260,907800,GAS,71346.0,71266.2,0
2024-07-17,71710,71710,70160,70980,1573000,GAS,71328.0,71277.0,0
2024-07-18,71070,71530,70800,71070,1131900,GAS,71319.0,71313.4,0
2024-07-19,71070,71350,70710,70800,663300,GAS,71246.0,71355.2,-1
2024-07-22,70800,70800,69710,70070,1142800,GAS,71091.0,71388.0,0
2024-07-23,70160,70350,69890,69890,656800,GAS,70891.0,71417.2,0
2024-07-24,69800,70440,69440,70070,1006200,GAS,70754.0,71444.4,0
2024-07-25,69980,70070,69530,69890,490600,GAS,70627.0,71460.8,0
2024-07-26,69710,70250,69620,70250,545800,GAS,70554.0,71488.0,0
2024-07-29,70530,70530,70070,70070,362200,GAS,70435.0,71506.2,0
2024-07-30,70070,70250,69890,70250,631600,GAS,70334.0,71515.2,0
2024-07-31,70440,73260,70440,72710,3188600,GAS,70507.0,71575.2,0
2024-08-01,72890,73800,71620,71800,1422900,GAS,70580.0,71557.0,0
2024-08-02,71070,71800,70800,71800,1395600,GAS,70680.0,71555.2,0
2024-08-05,70980,71440,69530,69620,2101300,GAS,70635.0,71473.4,0
2024-08-06,69890,70980,69620,70350,888700,GAS,70681.0,71389.8,0
2024-08-07,70620,72350,70620,72260,1832200,GAS,70900.0,71339.0,0
2024-08-08,72260,74990,71800,74350,3931000,GAS,71346.0,71350.0,0
2024-08-09,74620,74800,73620,74260,1243900,GAS,71747.0,71377.4,1
2024-08-12,74260,75810,73890,75080,1889500,GAS,72248.0,71415.6,0
2024-08-13,74900,74900,73800,74170,1731900,GAS,72640.0,71428.4,0
2024-08-14,74530,75810,74440,74620,2298800,GAS,72831.0,71453.8,0
2024-08-15,74620,75260,73890,73890,1248000,GAS,73040.0,71470.0,0
2024-08-16,74260,75620,73710,75170,2313100,GAS,73377.0,71511.8,0
2024-08-19,75260,77080,75170,76900,3021100,GAS,74105.0,71588.2,0
2024-08-20,77530,78350,76900,76900,2910000,GAS,74760.0,71664.6,0
2024-08-21,76900,77810,76810,77350,2170800,GAS,75269.0,71748.2,0
2024-08-22,77630,77720,76720,76900,1300200,GAS,75524.0,71826.6,0
2024-08-23,77080,77720,76990,77080,891400,GAS,75806.0,71930.4,0
2024-08-26,77530,77630,76350,76620,1215500,GAS,75960.0,72050.4,0
2024-08-27,76900,76900,75530,75990,1795300,GAS,76142.0,72150.6,0
2024-08-28,75810,76620,75810,76260,845500,GAS,76306.0,72252.6,0
2024-08-29,76260,76530,75900,75900,907700,GAS,76507.0,72351.0,0
2024-08-30,76170,76440,75810,75810,958100,GAS,76571.0,72449.4,0
2024-09-04,75530,76810,75440,76350,1377600,GAS,76516.0,72584.0,0
2024-09-05,76810,77170,75810,75810,900300,GAS,76407.0,72711.4,0
2024-09-06,76900,76900,76260,76530,877900,GAS,76325.0,72849.6,0
2024-09-09,76260,77720,76170,77080,1968200,GAS,76343.0,72998.8,0
2024-09-10,76990,77530,75990,76530,1905500,GAS,76288.0,73135.2,0
2024-09-11,76440,76440,75530,76080,1490200,GAS,76234.0,73242.6,0
2024-09-12,76260,76620,75900,76080,1759000,GAS,76243.0,73341.0,0
2024-09-13,76100,76100,74200,74300,2093200,GAS,76047.0,73403.8,0
2024-09-16,74000,74000,72600,72600,1863200,GAS,75717.0,73432.6,0
2024-09-17,72600,73200,72300,72700,764100,GAS,75406.0,73456.0,0
2024-09-18,73300,73500,72900,73100,777600,GAS,75081.0,73485.6,0
2024-09-19,73000,73400,72900,73400,980600,GAS,74840.0,73515.8,0
2024-09-20,73600,73800,73000,73100,998500,GAS,74497.0,73549.0,0
2024-09-23,73100,73300,72900,73000,552300,GAS,74089.0,73585.8,0
2024-09-24,73000,73900,73000,73700,853100,GAS,73806.0,73640.2,0
2024-09-25,74000,74000,73500,73800,665000,GAS,73578.0,73691.0,-1
2024-09-26,73800,74600,73800,74000,1109800,GAS,73370.0,73745.8,0
2024-09-27,74200,74300,73500,73500,536000,GAS,73290.0,73796.2,0
2024-09-30,73500,73600,73000,73200,646900,GAS,73350.0,73838.8,0
2024-10-01,73300,73700,73000,73000,1032300,GAS,73380.0,73882.8,0
2024-10-02,73300,74000,72900,72900,1053700,GAS,73360.0,73939.4,0
2024-10-03,73400,73400,72500,72500,793300,GAS,73270.0,73991.6,0
2024-10-04,72800,73700,72500,73300,867900,GAS,73290.0,74056.2,0
2024-10-07,73500,73700,72600,72900,580700,GAS,73280.0,74116.4,0
2024-10-08,73400,73400,72600,72600,637900,GAS,73170.0,74163.4,0
2024-10-09,72600,72900,72300,72700,547200,GAS,73060.0,74216.0,0
2024-10-10,73200,73600,72500,73300,1046200,GAS,72990.0,74277.0,0
2024-10-11,73500,73700,73200,73200,603500,GAS,72960.0,74286.8,0
2024-10-14,73600,73600,72700,72900,526200,GAS,72930.0,74308.8,0
2024-10-15,72700,73000,72400,72700,596300,GAS,72900.0,74326.8,0
2024-10-16,72600,72700,72000,72000,758400,GAS,72810.0,74374.4,0
2024-10-17,72000,72300,71200,71500,739500,GAS,72710.0,74397.4,0
2024-10-18,71600,72300,71600,71700,322500,GAS,72550.0,74386.2,0
2024-10-21,71700,71700,71300,71700,469700,GAS,72430.0,74333.2,0
2024-10-22,71700,71900,71200,71200,545500,GAS,72290.0,74272.0,0
2024-10-23,71200,71200,70700,70900,667000,GAS,72110.0,74188.4,0
2024-10-24,70900,71200,70900,71000,413400,GAS,71880.0,74125.0,0
2024-10-25,71000,71400,70900,70900,322500,GAS,71650.0,74050.6,0
2024-10-28,70900,71000,70700,70700,311300,GAS,71430.0,73986.8,0
2024-10-29,70700,71100,70700,70800,352000,GAS,71240.0,73899.4,0
2024-10-30,70900,71300,70600,70600,318400,GAS,71100.0,73773.4,0
2024-10-31,71000,71000,70500,70500,620100,GAS,71000.0,73645.4,0
2024-11-01,70500,70700,70000,70200,427300,GAS,70850.0,73502.4,0
2024-11-04,70400,70400,69900,69900,461700,GAS,70670.0,73362.4,0
2024-11-05,69900,70000,69400,69600,542000,GAS,70510.0,73212.8,0
2024-11-06,70000,71100,69900,70100,501500,GAS,70430.0,73082.4,0
2024-11-07,71000,71000,70100,70100,372800,GAS,70340.0,72964.6,0
2024-11-08,70200,70800,70000,70000,428800,GAS,70250.0,72839.4,0
2024-11-11,70100,70500,70000,70100,544200,GAS,70190.0,72723.4,0
2024-11-12,70100,70500,69800,69800,425500,GAS,70090.0,72603.2,0
2024-11-13,70000,70000,68000,69500,827600,GAS,69980.0,72466.2,0
2024-11-14,69200,70300,69000,69000,543800,GAS,69830.0,72330.0,0
2024-11-15,68900,69400,68600,68600,774000,GAS,69670.0,72171.4,0
2024-11-18,68600,69100,68300,69000,936700,GAS,69580.0,72009.8,0
2024-11-19,69500,69700,67900,67900,693100,GAS,69410.0,71837.2,0
2024-11-20,67900,68400,67500,67600,711800,GAS,69160.0,71667.6,0
2024-11-21,67800,68600,67800,68200,1167800,GAS,68970.0,71510.0,0
2024-11-22,68600,70600,68600,69200,1015100,GAS,68890.0,71408.0,0
2024-11-25,69400,70300,69300,69300,901200,GAS,68810.0,71342.0,0
2024-11-26,69400,69900,69400,69600,448200,GAS,68790.0,71280.0,0
2024-11-27,69800,69800,69000,69300,417500,GAS,68770.0,71204.0,0
2024-11-28,69300,70000,69300,69300,442900,GAS,68800.0,71122.0,0
2024-11-29,69300,69800,69200,69600,283000,GAS,68900.0,71052.0,0
2024-12-02,69700,69800,69000,69200,404200,GAS,68920.0,70976.0,0
2024-12-03,69300,69600,68700,68700,634300,GAS,69000.0,70876.0,0
2024-12-04,68700,69200,68500,68600,308300,GAS,69100.0,70772.0,0
2024-12-05,68700,69800,68500,68900,630900,GAS,69170.0,70670.0,0
2024-12-06,69900,69900,69000,69200,430800,GAS,69170.0,70584.0,0
2024-12-09,69500,69500,69200,69300,395900,GAS,69170.0,70506.0,0
2024-12-10,69400,69600,69000,69000,402500,GAS,69110.0,70426.0,0
2024-12-11,69000,69200,68600,68700,539000,GAS,69050.0,70342.0,0
2024-12-12,68800,69000,68500,68500,516000,GAS,68970.0,70262.0,0
2024-12-13,68500,68600,68200,68400,348000,GAS,68850.0,70164.0,0
2024-12-16,68500,68600,68100,68100,350100,GAS,68740.0,70068.0,0
2024-12-17,68100,68500,68000,68000,412900,GAS,68670.0,69976.0,0
2024-12-18,68400,68700,68300,68500,504100,GAS,68660.0,69892.0,0
2024-12-19,68200,68600,68000,68500,721400,GAS,68620.0,69796.0,0
2024-12-20,68500,68800,68400,68600,341700,GAS,68560.0,69704.0,0
2024-12-23,68800,69100,68500,68500,563700,GAS,68480.0,69616.0,0
2024-12-24,68600,68700,68200,68200,509800,GAS,68400.0,69526.0,0
2024-12-25,68300,68900,68300,68400,456300,GAS,68370.0,69454.0,0
2024-12-26,68600,69600,68500,68500,997100,GAS,68370.0,69394.0,0
2024-12-27,68700,69000,68500,68500,539900,GAS,68380.0,69330.0,0
2024-12-30,68600,68800,68200,68200,402400,GAS,68390.0,69260.0,0
2024-12-31,68400,68700,68100,68100,770800,GAS,68400.0,69198.0,0
2025-01-02,68300,68500,68000,68100,427800,GAS,68360.0,69142.0,0
2025-01-03,68100,68400,68000,68000,460500,GAS,68310.0,69082.0,0
2025-01-06,68000,68200,67300,67500,673300,GAS,68200.0,69014.0,0
2025-01-07,67600,67900,66900,67000,683200,GAS,68050.0,68940.0,0
2025-01-08,67000,67200,66600,67100,521700,GAS,67940.0,68866.0,0
2025-01-09,67200,67500,66800,67000,369400,GAS,67800.0,68794.0,0
2025-01-10,67000,67500,66700,66700,422600,GAS,67620.0,68718.0,0
2025-01-13,66700,67100,66200,66400,542400,GAS,67410.0,68642.0,0
2025-01-14,66500,67400,66500,66900,397300,GAS,67280.0,68582.0,0
2025-01-15,67200,67400,66800,66800,395000,GAS,67150.0,68526.0,0
2025-01-16,67100,67300,66600,66900,493400,GAS,67030.0,68462.0,0
2025-01-17,67200,67200,66600,66800,321700,GAS,66910.0,68396.0,0
2025-01-20,67200,68200,66800,67700,662000,GAS,66930.0,68350.0,0
2025-01-21,68000,68100,67100,67100,349300,GAS,66940.0,68290.0,0
2025-01-22,67500,67500,66700,66800,313300,GAS,66910.0,68230.0,0
2025-01-23,66800,67200,66700,67000,317100,GAS,66910.0,68180.0,0
2025-01-24,67000,67900,66800,67900,432300,GAS,67030.0,68158.0,0
2025-02-03,67800,67800,66900,67100,463200,GAS,67100.0,68128.0,0
2025-02-04,66900,67300,66900,67100,398400,GAS,67120.0,68090.0,0
2025-02-05,67500,68100,67400,67800,652400,GAS,67220.0,68088.0,0
2025-02-06,68200,68200,67500,67600,539300,GAS,67290.0,68088.0,0
2025-02-07,67600,68000,67300,67300,818200,GAS,67340.0,68070.0,0
2025-02-10,67200,67600,66900,67300,732900,GAS,67300.0,68032.0,0
2025-02-11,67300,67900,66500,67000,671300,GAS,67290.0,67986.0,0
2025-02-12,67000,67500,67000,67100,344200,GAS,67320.0,67936.0,0
2025-02-13,67100,67100,66600,66700,650700,GAS,67290.0,67884.0,0
2025-02-14,67300,67900,67000,67700,1147200,GAS,67270.0,67852.0,0
2025-02-17,67700,68400,67500,67800,762900,GAS,67340.0,67816.0,0
2025-02-18,68000,68300,67700,68000,634400,GAS,67430.0,67792.0,0
2025-02-19,68200,69000,67900,68700,1389800,GAS,67520.0,67792.0,0
2025-02-20,69200,69300,68500,68800,601500,GAS,67640.0,67796.0,0
2025-02-21,68600,68800,68200,68400,767500,GAS,67750.0,67786.0,0
2025-02-24,68200,68800,67800,68600,1066000,GAS,67880.0,67774.0,1
2025-02-25,68700,69300,68300,68700,809600,GAS,68050.0,67762.0,0
2025-02-26,68700,68900,68400,68400,519300,GAS,68180.0,67750.0,0
2025-02-27,68400,68600,67900,68000,809600,GAS,68310.0,67736.0,0
2025-02-28,68100,68700,68000,68000,787600,GAS,68340.0,67726.0,0
2025-03-03,68100,68700,68100,68600,647800,GAS,68420.0,67730.0,0
2025-03-04,68600,69400,68300,69100,1445200,GAS,68530.0,67750.0,0
2025-03-05,69200,69300,68400,68400,740500,GAS,68500.0,67758.0,0
2025-03-06,68300,68500,68100,68300,829800,GAS,68450.0,67754.0,0
2025-03-07,68300,68400,67700,67800,1398100,GAS,68390.0,67740.0,0
2025-03-10,68100,68200,67200,67800,1420900,GAS,68310.0,67724.0,0
2025-03-11,67600,67700,67000,67400,523600,GAS,68180.0,67702.0,0
2025-03-12,67800,68300,67400,67900,761300,GAS,68130.0,67696.0,0
2025-03-13,67900,68800,67800,68300,1088000,GAS,68160.0,67694.0,0
2025-03-14,68200,68300,67300,67700,942800,GAS,68130.0,67678.0,0
2025-03-17,67800,68400,67700,68200,1117200,GAS,68090.0,67672.0,0
2025-03-18,68600,69900,68100,69100,2797200,GAS,68090.0,67690.0,0
2025-03-19,69100,69800,68600,68800,703700,GAS,68130.0,67704.0,0
2025-03-20,68700,69100,68100,68600,750000,GAS,68160.0,67714.0,0
2025-03-21,68500,68600,67700,67700,1173400,GAS,68150.0,67708.0,0
2025-03-24,68000,68000,67000,67200,1195100,GAS,68090.0,67702.0,0
2025-03-25,67500,67600,67100,67200,767600,GAS,68070.0,67706.0,0
2025-03-26,67300,68200,67200,67500,548300,GAS,68030.0,67714.0,0
2025-03-27,67600,68000,67100,67200,426500,GAS,67920.0,67718.0,0
2025-03-28,67400,67400,66800,66800,771800,GAS,67830.0,67720.0,0
2025-03-31,66800,66800,66000,66800,727900,GAS,67690.0,67728.0,-1
2025-04-01,66900,67800,66700,67500,870900,GAS,67530.0,67740.0,0
2025-04-02,67200,67600,67000,67100,254300,GAS,67360.0,67746.0,0
2025-04-03,63500,65400,62500,62500,2014500,GAS,66750.0,67658.0,0
2025-04-04,58200,60800,58200,58700,2745000,GAS,65850.0,67496.0,0
2025-04-08,56000,56300,54600,54600,2632500,GAS,64590.0,67234.0,0
2025-04-09,50800,56000,50800,50800,2768600,GAS,62950.0,66908.0,0
2025-04-10,54300,54300,54300,54300,57500,GAS,61630.0,66658.0,0
2025-04-11,58100,58100,55800,58100,2256900,GAS,60720.0,66480.0,0
2025-04-14,59800,59800,58600,59200,1092600,GAS,59960.0,66306.0,0
2025-04-15,59000,59300,58100,58200,840700,GAS,59100.0,66128.0,0
2025-04-16,58200,58800,57100,58100,628800,GAS,58160.0,65948.0,0
2025-04-17,57300,58300,57000,58100,483900,GAS,57260.0,65754.0,0
2025-04-18,58400,59400,58300,58400,656600,GAS,56850.0,65570.0,0
2025-04-21,58400,58700,57800,58100,300000,GAS,56790.0,65386.0,0
2025-04-22,57100,58100,54300,57500,1110400,GAS,57080.0,65190.0,0
2025-04-23,58100,58600,57400,57500,698300,GAS,57750.0,65000.0,0
2025-04-24,57500,58000,57300,57500,410200,GAS,58070.0,64808.0,0
2025-04-25,57600,58500,57500,58500,913600,GAS,58110.0,64644.0,0
2025-04-28,58400,58500,58100,58400,271300,GAS,58030.0,64458.0,0
2025-04-29,58400,58400,58200,58300,310200,GAS,58040.0,64268.0,0
2025-05-05,58400,58500,58300,58500,658500,GAS,58080.0,64078.0,0
2025-05-06,58800,59800,58600,59600,899900,GAS,58230.0,63896.0,0
2025-05-07,59600,61500,59600,60500,884100,GAS,58440.0,63730.0,0
2025-05-08,61000,61700,60700,61400,861800,GAS,58770.0,63590.0,0
2025-05-09,61600,62000,60800,61100,491700,GAS,59130.0,63440.0,0
2025-05-12,61000,62500,61000,62300,834300,GAS,59610.0,63312.0,0
2025-05-13,62500,62600,61800,62000,666800,GAS,60060.0,63184.0,0
2025-05-14,62000,62300,61600,61900,655600,GAS,60400.0,63062.0,0
2025-05-15,61900,62100,61400,62000,668800,GAS,60760.0,62942.0,0
2025-05-16,62000,62000,61400,61800,297500,GAS,61110.0,62806.0,0
2025-05-19,60800,61200,60700,60700,584300,GAS,61330.0,62638.0,0
2025-05-20,60800,60800,60000,60500,605100,GAS,61420.0,62480.0,0
2025-05-21,60500,60900,60200,60300,315100,GAS,61400.0,62320.0,0
2025-05-22,60400,61500,60400,61000,760400,GAS,61360.0,62184.0,0
2025-05-23,61100,63400,61100,63000,1312500,GAS,61550.0,62088.0,0
2025-05-26,63100,63500,61500,63000,631800,GAS,61620.0,62000.0,0
2025-05-27,63500,63900,62900,63700,778400,GAS,61790.0,61916.0,0
2025-05-28,64000,64700,64000,64099,1151600,GAS,62009.9,61831.98,1
2025-05-29,64000,64200,63700,64000,672900,GAS,62209.9,61757.98,0
2025-05-30,64000,65300,64000,65000,1361400,GAS,62529.9,61693.98,0
2025-06-02,64700,65600,64099,65500,723700,GAS,63009.9,61621.98,0
2025-06-03,65500,65900,65300,65800,743200,GAS,63539.9,61561.98,0
2025-06-04,65800,65800,64700,64800,740200,GAS,63989.9,61485.98,0
2025-06-05,64800,64800,63500,63800,805500,GAS,64269.9,61407.98,0
2025-06-06,63800,63800,62800,63000,871500,GAS,64269.9,61323.98,0
2025-06-09,63100,63800,62800,63300,553700,GAS,64299.9,61245.98,0
2025-06-10,63300,63600,62700,62900,427500,GAS,64219.9,61153.98,0
2025-06-11,63000,63300,62400,62600,489700,GAS,64070.0,61061.98,0
2025-06-12,63500,63500,62600,62800,479700,GAS,63950.0,60981.98,0
2025-06-13,64400,66000,63700,64400,3697000,GAS,63890.0,60933.98,0
2025-06-16,66000,68900,65700,68900,3178200,GAS,64230.0,60961.98,0
