time,open,high,low,close,volume,ticker
2020-01-02,2750,2810,2660,2750,416346,LPB
2020-01-03,2750,2750,2700,2750,79257,LPB
2020-01-06,2700,2700,2660,2660,118620,LPB
2020-01-07,2660,2700,2660,2660,144955,LPB
2020-01-08,2630,2660,2630,2660,197038,LPB
2020-01-09,2630,2700,2630,2660,310444,LPB
2020-01-10,2660,2780,2660,2780,495515,LPB
2020-01-13,2750,2780,2750,2750,198130,LPB
2020-01-14,2750,2780,2700,2750,487555,LPB
2020-01-15,2750,2750,2700,2750,566760,LPB
2020-01-16,2750,2780,2700,2780,493302,LPB
2020-01-17,2750,3130,2750,2780,636570,LPB
2020-01-20,2780,2850,2750,2810,744140,LPB
2020-01-21,2810,2850,2810,2810,549545,LPB
2020-01-22,2880,2880,2810,2880,410662,LPB
2020-01-30,2850,2880,2750,2750,1097030,LPB
2020-01-31,2750,2780,2630,2660,1697740,LPB
2020-02-03,2660,2660,2490,2590,2169576,LPB
2020-02-04,2590,2700,2590,2700,783597,LPB
2020-02-05,2960,2960,2730,2770,2219653,LPB
2020-02-06,2770,2890,2730,2800,1525378,LPB
2020-02-07,2800,2850,2730,2850,1486586,LPB
2020-02-10,2850,2850,2770,2770,523143,LPB
2020-02-11,2800,2850,2770,2800,778552,LPB
2020-02-12,2770,2800,2770,2770,1231874,LPB
2020-02-13,2730,2800,2380,2770,1410681,LPB
2020-02-14,2770,2960,2730,2920,2780776,LPB
2020-02-17,2920,3160,2850,2920,1340603,LPB
2020-02-18,2890,2920,2890,2850,1317677,LPB
2020-02-19,2800,2850,2800,2800,372128,LPB
2020-02-20,2800,2850,2410,2800,1820975,LPB
2020-02-21,2800,2800,2570,2770,1203744,LPB
2020-02-24,2730,2770,2610,2650,1904465,LPB
2020-02-25,2610,2690,2290,2650,1763709,LPB
2020-02-26,2650,2770,2240,2730,542375,LPB
2020-02-27,2690,2800,2690,2800,985927,LPB
2020-02-28,2770,2800,2380,2800,3306812,LPB
2020-03-02,2800,3130,2730,3130,8209563,LPB
2020-03-03,3160,3450,2570,3450,3685507,LPB
2020-03-04,3910,3910,2920,3570,7176240,LPB
2020-03-05,3570,3600,3360,3450,5784282,LPB
2020-03-06,3450,3480,2960,3360,3136749,LPB
2020-03-09,3240,3240,2850,2850,6014031,LPB
2020-03-10,2570,3080,2570,3010,4247181,LPB
2020-03-11,3040,3360,2850,2960,3315439,LPB
2020-03-12,2920,2920,2570,2850,3955543,LPB
2020-03-13,2770,2850,2610,2800,4100928,LPB
2020-03-16,2850,2850,2570,2730,2630457,LPB
2020-03-17,2730,2800,2610,2770,1784834,LPB
2020-03-18,2800,2800,2290,2730,3207888,LPB
2020-03-19,2730,2850,2650,2690,1521993,LPB
2020-03-20,2730,2960,2290,2690,1231949,LPB
2020-03-23,2570,2650,2240,2340,8131405,LPB
2020-03-24,2290,2460,2180,2410,2590936,LPB
2020-03-25,2460,2570,2180,2530,3116157,LPB
2020-03-26,2490,2530,2340,2380,2564185,LPB
2020-03-27,2380,2460,2380,2380,2121890,LPB
2020-03-30,2380,2770,2100,2210,2334334,LPB
2020-03-31,2210,2340,2130,2210,2241165,LPB
2020-04-01,2180,2460,2180,2410,3814282,LPB
2020-04-03,2410,2460,2009,2380,3154772,LPB
2020-04-06,2410,2610,2009,2570,4070248,LPB
2020-04-07,2610,2650,2490,2530,1605253,LPB
2020-04-08,2490,2530,2410,2490,2262367,LPB
2020-04-09,2490,2650,2490,2570,4539160,LPB
2020-04-10,2570,2610,2530,2570,1626554,LPB
2020-04-13,2490,2650,2490,2610,2775624,LPB
2020-04-14,2570,2610,2490,2570,1755932,LPB
2020-04-15,2570,2890,2530,2800,5284718,LPB
2020-04-16,2800,2920,2770,2850,4387633,LPB
2020-04-17,2890,3160,2800,2890,2625533,LPB
2020-04-20,2890,2890,2730,2800,3597729,LPB
2020-04-21,2770,2800,2570,2650,4379322,LPB
2020-04-22,2610,2800,2530,2730,2899672,LPB
2020-04-23,2770,2850,2730,2770,2012076,LPB
2020-04-24,2770,2770,2690,2730,1878442,LPB
2020-04-27,2730,2770,2650,2730,3097311,LPB
2020-04-28,2690,2800,2650,2770,1848906,LPB
2020-04-29,2770,2800,2730,2770,1750041,LPB
2020-05-04,2770,2850,2730,2800,2502254,LPB
2020-05-05,2800,2850,2730,2800,678458,LPB
2020-05-06,2770,2800,2730,2800,1348002,LPB
2020-05-07,2800,2850,2770,2800,2083412,LPB
2020-05-08,2850,2960,2800,2920,8446632,LPB
2020-05-11,2960,3130,2890,3080,4334388,LPB
2020-05-12,3080,3080,2960,3080,2067185,LPB
2020-05-13,3040,3080,2960,3040,4240561,LPB
2020-05-14,3010,3040,2960,2960,2562010,LPB
2020-05-15,2960,3010,2890,2920,2311012,LPB
2020-05-18,2920,2920,2850,2920,1762092,LPB
2020-05-19,2920,3040,2890,3040,3790231,LPB
2020-05-20,3040,3040,2920,3010,2565542,LPB
2020-05-21,3010,3010,2920,3010,1888265,LPB
2020-05-22,3010,3080,2920,3010,3827220,LPB
2020-05-25,3010,3040,2960,3040,2056484,LPB
2020-05-26,3010,3040,3010,3040,1559011,LPB
2020-05-27,3040,3240,3040,3080,8083646,LPB
2020-05-28,3080,3160,3040,3130,1471180,LPB
2020-05-29,3130,3130,3040,3130,984369,LPB
2020-06-01,3130,3200,3040,3160,6377627,LPB
2020-06-02,3160,3570,3160,3450,18040091,LPB
2020-06-03,3450,3520,2890,3450,2630169,LPB
2020-06-04,3450,3520,3400,3450,4788944,LPB
2020-06-05,3450,3480,2960,3480,4415904,LPB
2020-06-08,3480,3800,3480,3750,10915143,LPB
2020-06-09,3750,3840,3360,3720,5781602,LPB
2020-06-10,3720,3750,3570,3720,7693618,LPB
2020-06-11,3720,3750,3360,3450,13622102,LPB
2020-06-12,3360,3450,3200,3450,5185301,LPB
2020-06-15,3450,3720,3450,3570,14299534,LPB
2020-06-16,3600,3750,3520,3570,6169634,LPB
2020-06-17,3570,3600,3450,3520,4600149,LPB
2020-06-18,3480,3520,3400,3450,2877300,LPB
2020-06-19,3450,3570,3450,3520,4116862,LPB
2020-06-22,3520,3630,3480,3570,6715862,LPB
2020-06-23,3600,3600,3480,3570,3643448,LPB
2020-06-24,3520,3570,3450,3480,3219226,LPB
2020-06-25,3450,3480,3360,3480,3199133,LPB
2020-06-26,3450,3570,3400,3480,3708467,LPB
2020-06-29,3480,3480,3160,3330,5609866,LPB
2020-06-30,3290,3360,3130,3240,5392704,LPB
2020-07-01,3240,3330,3160,3330,2438857,LPB
2020-07-02,3290,3330,2770,3240,1957884,LPB
2020-07-03,3240,3290,3200,3240,887057,LPB
2020-07-06,3240,3400,3240,3400,4032779,LPB
2020-07-07,3400,3450,2890,3360,2855108,LPB
2020-07-08,3330,3360,3290,3360,1793158,LPB
2020-07-09,3360,3480,3360,3480,5805693,LPB
2020-07-10,3450,3480,2920,3450,2967223,LPB
2020-07-13,3450,3480,3360,3400,2288164,LPB
2020-07-14,3400,3480,3160,3360,2090593,LPB
2020-07-15,3400,3450,3360,3400,1659817,LPB
2020-07-16,3400,3450,2920,3400,801727,LPB
2020-07-17,3400,3520,3400,3520,7165100,LPB
2020-07-20,3520,3520,3450,3480,1876129,LPB
2020-07-21,3480,3480,2960,3480,2486789,LPB
2020-07-22,3450,3720,3450,3600,13594079,LPB
2020-07-23,3600,3600,3520,3600,3484035,LPB
2020-07-24,3570,3960,3040,3400,7881436,LPB
2020-07-27,3290,3400,3040,3080,14601528,LPB
2020-07-28,3130,3400,3080,3360,5707558,LPB
2020-07-29,3360,3360,3080,3160,7018959,LPB
2020-07-30,3160,3630,3160,3200,5515794,LPB
2020-07-31,3200,3290,3160,3240,6758575,LPB
2020-08-03,3200,3360,3200,3330,4466500,LPB
2020-08-04,3360,3680,3330,3400,4718516,LPB
2020-08-05,3400,3400,3330,3360,8051717,LPB
2020-08-06,3360,3360,3290,3330,4177490,LPB
2020-08-07,3330,3360,3290,3330,3033424,LPB
2020-08-10,3200,3450,3200,3400,4700583,LPB
2020-08-11,3400,3570,3360,3480,10802059,LPB
2020-08-12,3480,3520,3400,3480,3965726,LPB
2020-08-13,3480,3480,3400,3450,3893016,LPB
2020-08-14,3450,3480,3400,3480,4218937,LPB
2020-08-17,3450,3480,3400,3480,5291654,LPB
2020-08-18,3480,3570,3450,3520,6386540,LPB
2020-08-19,3520,3570,3480,3570,1927291,LPB
2020-08-20,3570,3600,3480,3520,4106909,LPB
2020-08-21,3520,3570,3480,3570,11612065,LPB
2020-08-24,3570,3680,3520,3630,7331529,LPB
2020-08-25,3680,3680,3600,3630,4949837,LPB
2020-08-26,3630,3630,3570,3600,6326148,LPB
2020-08-27,3570,3630,3570,3630,3354994,LPB
2020-08-28,3630,3680,3600,3630,4033620,LPB
2020-08-31,3630,3680,3570,3630,5371176,LPB
2020-09-01,3600,3630,3570,3630,2448458,LPB
2020-09-03,3600,3720,3600,3680,5321528,LPB
2020-09-04,3630,3630,3570,3630,3511267,LPB
2020-09-07,3630,3630,3570,3570,4384393,LPB
2020-09-08,3570,3600,3520,3600,4529048,LPB
2020-09-09,3570,3630,3480,3600,5216650,LPB
2020-09-10,3600,3630,3570,3600,2050839,LPB
2020-09-11,3600,3630,3570,3630,2014398,LPB
2020-09-14,3600,3990,3600,3910,16604438,LPB
2020-09-15,3840,3990,3840,3880,10108064,LPB
2020-09-16,3910,3960,3840,3910,4798971,LPB
2020-09-17,3910,4070,3880,3990,12331748,LPB
2020-09-18,3990,4110,3960,4110,7918265,LPB
2020-09-21,4110,4310,4070,4280,16941965,LPB
2020-09-22,4240,4310,4150,4240,15163068,LPB
2020-09-23,4280,4310,4150,4240,7112540,LPB
2020-09-24,4190,4240,4110,4190,6878745,LPB
2020-09-25,4190,4420,4150,4350,16958500,LPB
2020-09-28,4310,4550,4310,4550,9448762,LPB
2020-09-29,4460,4580,4420,4460,8009506,LPB
2020-09-30,4460,4520,4400,4520,10445074,LPB
2020-10-01,4520,4740,4520,4700,16953172,LPB
2020-10-02,4700,4700,4520,4700,14972341,LPB
2020-10-05,4700,4700,4630,4700,6089300,LPB
2020-10-06,4700,4700,4580,4670,9322306,LPB
2020-10-07,4670,4670,4550,4580,6106403,LPB
2020-10-08,4580,4630,4460,4520,9429522,LPB
2020-10-09,4550,4630,4520,4630,4780157,LPB
2020-10-12,4630,4700,4550,4580,6407201,LPB
2020-10-13,4580,4630,4550,4630,3945715,LPB
2020-10-14,4630,4700,4550,4700,16287048,LPB
2020-10-15,4700,5100,4670,4950,33250662,LPB
2020-10-16,5100,5100,4900,4980,10605815,LPB
2020-10-19,4980,5070,4950,4980,10101207,LPB
2020-10-20,4980,4980,4790,4900,14763211,LPB
2020-10-21,4900,4980,4860,4900,13085487,LPB
2020-10-22,4900,4900,4820,4900,6918227,LPB
2020-10-23,4900,4980,4860,4950,11020702,LPB
2020-11-09,4980,5100,4860,4890,11604700,LPB
2020-11-10,4950,4950,4690,4700,11107830,LPB
2020-11-11,4700,4730,4570,4650,7614050,LPB
2020-11-12,4600,4650,4570,4580,7167760,LPB
2020-11-13,4580,4820,4580,4810,7041560,LPB
2020-11-16,4840,4860,4690,4690,7407110,LPB
2020-11-17,4730,4740,4690,4700,4317120,LPB
2020-11-18,4700,4730,4670,4730,5542510,LPB
2020-11-19,4730,4790,4700,4730,5461410,LPB
2020-11-20,4740,4860,4700,4820,6447420,LPB
2020-11-23,4820,4820,4760,4790,4513270,LPB
2020-11-24,4820,4840,4740,4790,6562520,LPB
2020-11-25,4840,4860,4790,4860,8214750,LPB
2020-11-26,4860,4860,4810,4840,3867500,LPB
2020-11-27,4860,4860,4810,4840,7737230,LPB
2020-11-30,4840,4980,4820,4930,13267960,LPB
2020-12-01,4860,4980,4840,4980,10367050,LPB
2020-12-02,5070,5100,5020,5020,13659030,LPB
2020-12-03,5180,5260,5130,5150,13241160,LPB
2020-12-04,5130,5150,5040,5070,8481830,LPB
2020-12-07,5070,5090,5020,5090,7669350,LPB
2020-12-08,5090,5100,5040,5070,6677910,LPB
2020-12-09,5070,5190,5070,5150,10123510,LPB
2020-12-10,5180,5180,5070,5090,9261130,LPB
2020-12-11,5090,5130,5040,5130,4937270,LPB
2020-12-14,5150,5190,5100,5150,8880680,LPB
2020-12-15,5130,5150,5090,5090,7906930,LPB
2020-12-16,5100,5310,5090,5240,18583680,LPB
2020-12-17,5260,5260,5180,5190,6939090,LPB
2020-12-18,5230,5240,5180,5240,8621850,LPB
2020-12-21,5260,5390,5240,5370,13474080,LPB
2020-12-22,5370,5640,5330,5610,14620100,LPB
2020-12-23,5640,5640,5430,5480,8754160,LPB
2020-12-24,5510,5510,5150,5350,10547250,LPB
2020-12-25,5290,5430,5240,5390,9593780,LPB
2020-12-28,5510,5510,5350,5390,7639610,LPB
2020-12-29,5370,5430,5350,5370,6375260,LPB
2020-12-30,5370,5430,5350,5370,5619740,LPB
2020-12-31,5370,5430,5350,5390,6396760,LPB
2021-01-04,5460,5510,5430,5510,8814700,LPB
2021-01-05,5480,5870,5460,5870,24349300,LPB
2021-01-06,6090,6180,5930,6090,16644800,LPB
2021-01-07,6090,6110,5920,6050,9246000,LPB
2021-01-08,6050,6190,5980,6110,19580100,LPB
2021-01-11,6130,6180,5960,6050,23446200,LPB
2021-01-12,6010,6020,5900,5960,13021500,LPB
2021-01-13,5980,6150,5980,6050,14249500,LPB
2021-01-14,6090,6260,6020,6260,14964800,LPB
2021-01-15,6300,6590,6300,6510,16530300,LPB
2021-01-18,6570,6610,6410,6410,13224100,LPB
2021-01-19,6340,6390,5980,6010,17853400,LPB
2021-01-20,6010,6070,5590,6010,15018300,LPB
2021-01-21,6190,6190,6020,6180,8957600,LPB
2021-01-22,6190,6290,6150,6240,15290300,LPB
2021-01-25,6210,6290,6150,6210,9574400,LPB
2021-01-26,6180,6180,5870,6020,10126700,LPB
2021-01-27,6010,6110,5830,5870,9796200,LPB
2021-01-28,5480,5630,5480,5480,12732500,LPB
2021-01-29,5130,5720,5130,5510,11086300,LPB
2021-02-01,5410,5540,5190,5230,8298100,LPB
2021-02-02,5130,5430,5040,5390,7866100,LPB
2021-02-03,5510,5760,5390,5760,9285600,LPB
2021-02-04,5760,5870,5680,5800,6158100,LPB
2021-02-05,5780,6090,5780,6090,8748700,LPB
2021-02-08,6090,6480,6090,6150,17862700,LPB
2021-02-09,6190,6440,6190,6390,11482300,LPB
2021-02-17,6480,6610,6390,6460,11925100,LPB
2021-02-18,6460,6510,6340,6370,8353900,LPB
2021-02-19,6300,6570,6290,6390,12657400,LPB
2021-02-22,6410,6480,6320,6390,15463000,LPB
2021-02-23,6390,6410,6290,6340,14798200,LPB
2021-02-24,6340,6410,6210,6210,13175700,LPB
2021-02-25,6260,6370,6210,6340,10131400,LPB
2021-02-26,6260,6440,6210,6390,9315300,LPB
2021-03-01,6480,6830,6480,6830,36421300,LPB
2021-03-02,7040,7130,6850,7000,13665000,LPB
2021-03-03,6960,7040,6890,6930,9087400,LPB
2021-03-04,6930,7000,6570,6730,17022800,LPB
2021-03-05,6620,6910,6590,6850,11077600,LPB
2021-03-08,6960,6960,6790,6830,8146600,LPB
2021-03-09,6730,6930,6680,6830,8925400,LPB
2021-03-10,6830,7070,6800,6930,12470100,LPB
2021-03-11,6980,7040,6910,6980,8092200,LPB
2021-03-12,7000,7220,6980,7180,19801800,LPB
2021-03-15,7180,7200,7070,7120,7894300,LPB
2021-03-16,7120,7130,6930,7010,9225100,LPB
2021-03-17,7010,7120,6980,7070,8451500,LPB
2021-03-18,7180,7180,7070,7090,8065800,LPB
2021-03-19,7040,7150,7040,7090,5349800,LPB
2021-03-22,7130,7350,7070,7090,13718400,LPB
2021-03-23,7120,7180,7040,7070,12019100,LPB
2021-03-24,6960,7090,6930,6960,9246200,LPB
2021-03-25,7000,7040,6890,6930,9473900,LPB
2021-03-26,6910,6930,6520,6850,9285000,LPB
2021-03-29,6930,7130,6890,7130,12544700,LPB
2021-03-30,7180,7520,7120,7520,21012600,LPB
2021-03-31,7570,7650,7400,7540,11121800,LPB
2021-04-01,7540,7610,7500,7570,6056600,LPB
2021-04-02,7570,7740,7570,7650,13331100,LPB
2021-04-05,7680,7790,7540,7680,11177200,LPB
2021-04-06,7680,7700,7580,7580,9843200,LPB
2021-04-07,7620,7620,7520,7580,8942700,LPB
2021-04-08,7610,7650,7520,7610,10415900,LPB
2021-04-09,7610,8000,7570,7900,18480900,LPB
2021-04-12,7940,8220,7910,8200,13377800,LPB
2021-04-13,8290,8310,7960,8000,12538900,LPB
2021-04-14,7840,8090,7740,8020,16924100,LPB
2021-04-15,8039,8180,8000,8070,13424200,LPB
2021-04-16,8109,8480,8070,8230,21676500,LPB
2021-04-19,8350,8480,8230,8440,13640800,LPB
2021-04-20,8620,8760,8520,8630,22268200,LPB
2021-04-22,8570,8760,8180,8180,13664200,LPB
2021-04-23,8260,8740,8180,8740,21139500,LPB
2021-04-26,8910,9220,8740,9010,15801900,LPB
2021-04-27,9010,9110,8870,8940,11327000,LPB
2021-04-28,8870,9030,8690,8900,11756400,LPB
2021-04-29,9030,9340,9010,9340,23814400,LPB
2021-05-04,9040,9340,9010,9340,13765800,LPB
2021-05-05,9310,9520,9190,9260,19201000,LPB
2021-05-06,9260,9290,9030,9040,17204800,LPB
2021-05-07,9040,9480,8910,9400,19607200,LPB
2021-05-10,9400,9610,9400,9480,16359500,LPB
2021-05-11,9590,9650,9410,9410,20851300,LPB
2021-05-12,9320,9650,9260,9650,15978100,LPB
2021-05-13,9650,10150,9510,9950,22137800,LPB
2021-05-14,10120,10300,9950,10150,17542000,LPB
2021-05-17,10170,10200,9830,9910,21240000,LPB
2021-05-18,9790,10150,9720,10000,20104900,LPB
2021-05-19,10000,10300,10000,10240,14538700,LPB
2021-05-20,10270,10280,10130,10230,13817500,LPB
2021-05-21,10240,10400,10150,10230,14550800,LPB
2021-05-24,10230,10330,10150,10170,13869000,LPB
2021-05-25,10230,10520,10130,10400,17869400,LPB
2021-05-26,10410,11050,10410,11050,27082700,LPB
2021-05-27,11250,11650,11050,11390,31002700,LPB
2021-05-28,11650,12170,11460,12170,35668800,LPB
2021-05-31,12610,13020,12390,13020,24242200,LPB
2021-06-01,13870,13870,12610,12860,21800700,LPB
2021-06-02,12610,13760,12520,13760,30704200,LPB
2021-06-03,14720,14720,14130,14720,20623800,LPB
2021-06-04,14650,14780,14350,14520,13580700,LPB
2021-06-07,13920,14130,13530,13650,27208600,LPB
2021-06-08,13730,14050,12720,12720,21449200,LPB
2021-06-09,12720,13590,11950,13590,23183200,LPB
2021-06-10,13530,13920,13370,13560,10240000,LPB
2021-06-11,13530,13890,13230,13590,17122800,LPB
2021-06-14,13590,13630,13260,13350,9392700,LPB
2021-06-15,13260,13260,12610,12610,16885200,LPB
2021-06-16,12660,13000,12060,12170,14709500,LPB
2021-06-17,11830,12830,11830,12830,11374400,LPB
2021-06-18,13040,13120,12440,12860,6928000,LPB
2021-06-21,12610,12830,12390,12520,8147000,LPB
2021-06-22,12660,12860,12440,12780,7632900,LPB
2021-06-23,12780,12830,12520,12520,4347400,LPB
2021-06-24,12830,13170,12700,12810,8013900,LPB
2021-06-25,12980,12980,12700,12830,4316100,LPB
2021-06-28,12950,13170,12830,13120,9861000,LPB
2021-06-29,13150,13480,13120,13260,8845100,LPB
2021-06-30,13230,13260,12910,13020,5620300,LPB
2021-07-01,13020,13120,12780,13000,5910700,LPB
2021-07-02,13120,13230,12950,12950,8429500,LPB
2021-07-05,13120,13120,12740,13090,8235200,LPB
2021-07-06,13400,13780,12170,12170,11447200,LPB
2021-07-07,12610,13020,12130,13020,10109100,LPB
2021-07-08,13260,13260,12780,13000,8467100,LPB
2021-07-09,12830,13230,12170,12570,6966600,LPB
2021-07-12,12310,12440,11700,12170,16189900,LPB
2021-07-13,12170,12310,11620,11950,7378500,LPB
2021-07-14,11950,11950,11310,11780,7974500,LPB
2021-07-15,11750,12040,11570,12040,4559300,LPB
2021-07-16,12090,12120,11850,11940,5247000,LPB
2021-07-19,11310,11750,11110,11110,9224000,LPB
2021-07-20,11130,11210,10450,11130,10192000,LPB
2021-07-21,11690,11890,11330,11390,6078300,LPB
2021-07-22,11570,11570,11300,11450,3985000,LPB
2021-07-23,11250,11980,11250,11500,7098100,LPB
2021-07-26,11280,11470,10980,11160,4138300,LPB
2021-07-27,11280,11420,11220,11420,4485600,LPB
2021-07-28,11300,11450,11210,11450,4263100,LPB
2021-07-29,11450,11690,11420,11690,5115200,LPB
2021-07-30,11760,12430,11760,12430,15222800,LPB
2021-08-02,12330,12430,11930,12170,6882000,LPB
2021-08-03,12170,12370,11930,12200,7998600,LPB
2021-08-04,12250,12390,12110,12250,11329300,LPB
2021-08-05,12280,12670,12170,12670,11393500,LPB
2021-08-06,12720,12720,12370,12500,8117500,LPB
2021-08-09,12280,12540,12200,12500,10024900,LPB
2021-08-10,12670,12670,12300,12470,11609500,LPB
2021-08-11,12500,12610,12280,12280,11208400,LPB
2021-08-12,12280,12340,12060,12060,9802900,LPB
2021-08-13,12060,12170,11720,12170,9822000,LPB
2021-08-16,12230,12390,12080,12280,13133400,LPB
2021-08-17,12430,12900,12340,12760,24026000,LPB
2021-08-18,12720,12740,12470,12610,10159800,LPB
2021-08-19,12670,12670,12370,12430,8124200,LPB
2021-08-20,12280,12390,11590,11690,19237900,LPB
2021-08-23,11500,11640,11010,11010,13607000,LPB
2021-08-24,11070,11300,11010,11220,7413200,LPB
2021-08-25,11350,11350,11110,11330,3359100,LPB
2021-08-26,11350,11370,11010,11080,5066300,LPB
2021-08-27,10960,11040,10560,10620,8801100,LPB
2021-08-30,10860,11350,10720,11350,6599100,LPB
2021-08-31,11520,11570,11220,11220,4951900,LPB
2021-09-01,11070,11300,11040,11080,5679300,LPB
2021-09-06,11110,11250,10960,11130,7047100,LPB
2021-09-07,11210,11450,11160,11250,7120200,LPB
2021-09-08,11370,11450,11170,11350,4878800,LPB
2021-09-09,11330,11370,11210,11350,4274400,LPB
2021-09-10,11350,11370,11160,11250,5163100,LPB
2021-09-13,11110,11210,10910,11010,4340400,LPB
2021-09-14,10960,10980,10740,10740,5261300,LPB
2021-09-15,10720,10980,10620,10760,3810300,LPB
2021-09-16,10790,10910,10740,10760,2924100,LPB
2021-09-17,10760,11010,10760,10910,5029300,LPB
2021-09-20,11080,11540,11080,11420,10883800,LPB
2021-09-21,11170,11300,11040,11130,5310000,LPB
2021-09-22,11130,11160,10980,11010,3634000,LPB
2021-09-23,11010,11160,10860,10910,5548900,LPB
2021-09-24,11040,11110,10910,10940,3007700,LPB
2021-09-27,11110,11110,10720,10740,3611300,LPB
2021-09-28,10720,10810,10470,10760,3875200,LPB
2021-09-29,10680,10690,10520,10560,3268200,LPB
2021-09-30,10590,10650,10550,10550,2708800,LPB
2021-10-01,10520,10520,10170,10170,7772300,LPB
2021-10-04,9990,10400,9810,10000,7818500,LPB
2021-10-05,10030,10300,10000,10230,4286900,LPB
2021-10-06,10330,10420,10260,10330,2776300,LPB
2021-10-07,10260,10380,10200,10230,4126200,LPB
2021-10-08,10230,10330,10170,10230,2544300,LPB
2021-10-11,10280,10590,10280,10590,7261000,LPB
2021-10-12,10680,10790,10560,10590,5343000,LPB
2021-10-13,10590,10680,10470,10620,3627900,LPB
2021-10-14,10650,10650,10550,10550,3313400,LPB
2021-10-15,10550,10890,10520,10720,6073500,LPB
2021-10-18,10720,10840,10470,10520,4875000,LPB
2021-10-19,10450,10520,10330,10380,3879000,LPB
2021-10-20,10280,10380,10170,10300,3761900,LPB
2021-10-21,10330,10450,10230,10230,3715000,LPB
2021-10-22,10280,10300,10130,10150,3726900,LPB
2021-10-25,10150,10200,10060,10060,3607000,LPB
2021-10-26,10060,10420,10030,10130,4357100,LPB
2021-10-27,10280,10300,10150,10230,5841300,LPB
2021-10-28,10380,10380,10230,10280,4692600,LPB
2021-10-29,10280,10470,10130,10130,10945500,LPB
2021-11-01,10420,10590,10280,10300,10691400,LPB
2021-11-02,10230,10470,10230,10420,10662300,LPB
2021-11-03,10520,11130,10470,11130,21593500,LPB
2021-11-04,11300,11590,11070,11210,15048200,LPB
2021-11-05,11210,11390,10980,11220,9898800,LPB
2021-11-08,11390,11590,11210,11390,17464200,LPB
2021-11-09,11590,11670,11370,11450,10643700,LPB
2021-11-10,11540,11540,11210,11250,8271200,LPB
2021-11-11,11250,11300,10810,10940,12497200,LPB
2021-11-12,10860,11220,10840,11160,7854400,LPB
2021-11-15,11390,11390,11080,11110,7721600,LPB
2021-11-16,11070,11540,10960,11250,20396200,LPB
2021-11-17,11330,11370,11160,11210,8433500,LPB
2021-11-18,11110,11210,10980,11010,8993800,LPB
2021-11-19,11040,11390,10790,11070,14696200,LPB
2021-11-22,11300,11740,11280,11420,17331500,LPB
2021-11-23,11590,11590,11210,11220,6830000,LPB
2021-11-24,11250,11930,11160,11930,44928600,LPB
2021-11-25,12200,12230,11670,11910,25034500,LPB
2021-11-26,11930,11950,11590,11640,16928300,LPB
2021-11-29,11220,11500,11080,11220,17050200,LPB
2021-11-30,11390,11390,10890,10910,18116300,LPB
2021-12-01,10910,11110,10890,11080,8917900,LPB
2021-12-02,11160,11160,10910,10910,6600400,LPB
2021-12-03,10980,11070,10510,10510,11216500,LPB
2021-12-06,10400,10550,9850,9900,12547300,LPB
2021-12-07,10030,10230,9960,10200,6372600,LPB
2021-12-08,10280,10470,10170,10300,5094700,LPB
2021-12-09,10200,10400,10200,10330,3734900,LPB
2021-12-10,10420,10620,10330,10400,5191800,LPB
2021-12-13,10470,10760,10450,10650,6410300,LPB
2021-12-14,10860,11110,10720,11010,8451200,LPB
2021-12-15,11070,11110,10860,10960,5921100,LPB
2021-12-16,10960,11080,10790,10810,4239800,LPB
2021-12-17,10760,10790,10620,10620,7707100,LPB
2021-12-20,10620,10680,10470,10520,4734900,LPB
2021-12-21,10520,10520,10380,10380,5829800,LPB
2021-12-22,10470,10510,10200,10200,7641500,LPB
2021-12-23,10200,10300,9960,10060,6648200,LPB
2021-12-24,10060,10620,10060,10560,4635300,LPB
2021-12-27,10560,10790,10470,10510,3118100,LPB
2021-12-28,10520,10620,10380,10560,6008100,LPB
2021-12-29,10720,11010,10620,10840,10542300,LPB
2021-12-30,10810,10980,10790,10810,3523500,LPB
2021-12-31,10960,11210,10840,10860,10177000,LPB
2022-01-04,11110,11160,10890,10940,8417500,LPB
2022-01-05,11010,11010,10760,10810,7937000,LPB
2022-01-06,10740,10740,10520,10560,11432400,LPB
2022-01-07,10560,10860,10510,10810,7848300,LPB
2022-01-10,10960,10960,10550,10560,5399000,LPB
2022-01-11,10620,10650,10330,10470,5765800,LPB
2022-01-12,10340,10840,10200,10680,6980000,LPB
2022-01-13,10810,11160,10720,10720,14626200,LPB
2022-01-14,10680,10760,10520,10620,3869400,LPB
2022-01-17,10720,11010,10470,10470,10338300,LPB
2022-01-18,10380,10560,10230,10300,6827400,LPB
2022-01-19,10470,10470,10280,10330,2855700,LPB
2022-01-20,10330,10510,10150,10380,4502200,LPB
2022-01-21,10470,10860,10450,10560,6979200,LPB
2022-01-24,10810,10810,10470,10470,8791500,LPB
2022-01-25,10690,11210,10650,11210,22097300,LPB
2022-01-26,11590,11980,11540,11980,34453500,LPB
2022-01-27,11980,12670,11690,11930,20330100,LPB
2022-01-28,11890,12170,11720,12170,15586600,LPB
2022-02-07,12430,12430,12060,12110,12113900,LPB
2022-02-08,11930,12370,11840,12130,12424600,LPB
2022-02-09,12170,12370,11930,11980,13806000,LPB
2022-02-10,11980,12430,11950,12170,12449200,LPB
2022-02-11,12170,12760,12170,12610,25982500,LPB
2022-02-14,12430,12640,11740,11740,17739600,LPB
2022-02-15,11840,12080,11450,11980,14274400,LPB
2022-02-16,12040,12060,11670,11840,13082700,LPB
2022-02-17,11840,12080,11690,11840,9099200,LPB
2022-02-18,11740,11930,11280,11500,28701200,LPB
2022-02-21,11330,11690,11250,11520,11626900,LPB
2022-02-22,11350,11640,11300,11520,7821500,LPB
2022-02-23,11520,11740,11500,11500,9124600,LPB
2022-02-24,11500,11540,10910,11110,14777300,LPB
2022-02-25,11330,11450,11210,11220,6914300,LPB
2022-02-28,11170,11300,11010,11040,10963900,LPB
2022-03-01,11040,11110,10810,10840,13003000,LPB
2022-03-02,10760,10940,10470,10470,16800900,LPB
2022-03-03,10810,11040,10650,10840,10765100,LPB
2022-03-04,10860,11010,10840,10890,5541300,LPB
2022-03-07,10720,10810,10550,10720,8060800,LPB
2022-03-08,10620,10860,10560,10720,9385900,LPB
2022-03-09,10690,10760,10510,10720,7905600,LPB
2022-03-10,10840,10960,10790,10840,4360200,LPB
2022-03-11,10840,10860,10690,10790,6001400,LPB
2022-03-14,10720,10720,10560,10650,5070000,LPB
2022-03-15,10650,10790,10620,10740,3407600,LPB
2022-03-16,10740,11160,10740,10790,9728100,LPB
2022-03-17,10960,10960,10790,10890,7666600,LPB
2022-03-18,10890,10940,10810,10840,2982600,LPB
2022-03-21,10910,10960,10840,10910,5038300,LPB
2022-03-22,10960,11390,10960,11160,13902400,LPB
2022-03-23,11170,11210,11040,11070,5930300,LPB
2022-03-24,11070,11130,10960,10980,5088600,LPB
2022-03-25,11010,11040,10860,10860,5287700,LPB
2022-03-28,10860,10940,10550,10650,7528500,LPB
2022-03-29,10690,10790,10620,10740,4206100,LPB
2022-03-30,10620,10960,10590,10680,5979800,LPB
2022-03-31,10690,10790,10550,10550,4306800,LPB
2022-04-01,10560,10760,10510,10690,5894100,LPB
2022-04-04,10740,10910,10680,10680,11614200,LPB
2022-04-05,11050,11250,11050,11090,10617600,LPB
2022-04-06,11090,11250,10990,11220,4450700,LPB
2022-04-07,11220,11250,10910,10960,5003300,LPB
2022-04-08,10990,11050,10780,10830,4062000,LPB
2022-04-12,10890,10890,10510,10540,3655500,LPB
2022-04-13,10620,10800,10370,10780,4526400,LPB
2022-04-14,10850,10850,10620,10680,2014300,LPB
2022-04-15,10720,10750,10450,10640,3335300,LPB
2022-04-18,10480,10560,9910,9970,6881000,LPB
2022-04-19,9810,10170,9290,9290,5853400,LPB
2022-04-20,9050,9270,8640,8640,9014600,LPB
2022-04-21,8490,9130,8060,8780,9642700,LPB
2022-04-22,9050,9130,8680,9000,5253200,LPB
2022-04-25,9050,9230,8370,8370,6577400,LPB
2022-04-26,8350,8780,7920,8740,5787100,LPB
2022-04-27,8740,8810,8590,8760,2605100,LPB
2022-04-28,8810,8910,8590,8700,3467400,LPB
2022-04-29,8740,9110,8640,8840,7793100,LPB
2022-05-04,9050,9230,8900,9050,7518700,LPB
2022-05-05,9160,9230,8740,8860,4181000,LPB
2022-05-06,8680,8780,8460,8460,6451800,LPB
2022-05-09,8400,8460,7900,7900,9804700,LPB
2022-05-10,7410,8080,7410,8029,4428600,LPB
2022-05-11,8080,8130,7870,8029,3412400,LPB
2022-05-12,7870,8029,7490,7490,5456900,LPB
2022-05-13,7490,7540,6980,6980,11020700,LPB
2022-05-16,7460,7460,7060,7060,4510500,LPB
2022-05-17,7120,7540,7060,7540,4745800,LPB
2022-05-18,7700,8060,7590,7970,7999600,LPB
2022-05-19,7680,8189,7680,7840,5344400,LPB
2022-05-20,7970,8000,7790,7870,3227100,LPB
2022-05-23,8000,8029,7700,7760,4162100,LPB
2022-05-24,7760,7870,7490,7870,3754100,LPB
2022-05-25,7960,8220,7870,8189,4975500,LPB
2022-05-26,8290,8350,8109,8189,3913200,LPB
2022-05-27,8189,8230,8080,8109,5036700,LPB
2022-05-30,8130,8350,8109,8230,4091800,LPB
2022-05-31,8189,8220,8029,8080,5467700,LPB
2022-06-01,8080,8189,8000,8060,4752700,LPB
2022-06-02,8060,8189,7870,7870,4977500,LPB
2022-06-03,7870,7920,7680,7760,2777200,LPB
2022-06-06,7820,7970,7680,7760,4142800,LPB
2022-06-07,7700,7790,7490,7650,2825000,LPB
2022-06-08,7680,8160,7680,8160,5601400,LPB
2022-06-09,8189,8230,8109,8220,4636400,LPB
2022-06-10,8130,8270,8029,8029,4137900,LPB
2022-06-13,7820,7820,7490,7490,5766300,LPB
2022-06-14,7280,7570,7000,7080,13205300,LPB
2022-06-15,7280,7280,6650,6680,12792200,LPB
2022-06-16,6850,6850,6250,6790,13563100,LPB
2022-06-17,6460,6620,6330,6460,8831400,LPB
2022-06-20,6460,6620,6350,6350,4711900,LPB
2022-06-21,6410,6650,6250,6410,4890300,LPB
2022-06-22,6620,6850,6510,6850,6676400,LPB
2022-06-23,6900,7280,6730,7280,7136500,LPB
2022-06-24,7250,7290,7120,7120,4427300,LPB
2022-06-27,7120,7280,6730,6790,12848700,LPB
2022-06-28,6870,7250,6410,7220,18949400,LPB
2022-06-29,7120,7520,7120,7280,5963300,LPB
2022-06-30,7280,7330,7030,7030,6673600,LPB
2022-07-01,6960,7190,6650,7030,11487600,LPB
2022-07-04,7140,7330,7080,7330,9278300,LPB
2022-07-05,7350,7590,7290,7330,10476500,LPB
2022-07-06,7140,7350,7000,7030,6938600,LPB
2022-07-07,6980,7220,6960,7080,3853000,LPB
2022-07-08,7170,7290,7080,7140,5704500,LPB
2022-07-11,7120,7170,6960,7000,4912700,LPB
2022-07-12,7000,7220,6980,7220,3665000,LPB
2022-07-13,7220,7590,7220,7460,10205200,LPB
2022-07-14,7330,7620,7330,7520,6453300,LPB
2022-07-15,7540,7700,7520,7540,6349100,LPB
2022-07-18,7590,7730,7520,7590,6399900,LPB
2022-07-19,7540,7590,7350,7490,4784800,LPB
2022-07-20,7570,7650,7540,7620,4711100,LPB
2022-07-21,7700,8029,7680,7900,12029100,LPB
2022-07-22,8029,8109,7760,7760,11043100,LPB
2022-07-25,7760,7900,7700,7870,5452800,LPB
2022-07-26,7870,7970,7760,7920,6284400,LPB
2022-07-27,7870,8230,7840,8230,13683400,LPB
2022-07-28,8460,8530,8270,8400,12271600,LPB
2022-07-29,8460,8460,8160,8189,6330700,LPB
2022-08-01,8320,8570,8189,8490,8339600,LPB
2022-08-02,8510,8530,8400,8460,5635000,LPB
2022-08-03,8510,8630,8400,8630,6583900,LPB
2022-08-04,8630,8740,8530,8640,6406800,LPB
2022-08-05,8680,8680,8490,8680,5021500,LPB
2022-08-08,8700,8700,8570,8590,4608000,LPB
2022-08-09,8630,8640,8320,8370,8597800,LPB
2022-08-10,8370,8460,8270,8270,4916000,LPB
2022-08-11,8370,8490,8189,8270,5153700,LPB
2022-08-12,8270,8430,8230,8400,3455900,LPB
2022-08-15,8460,8810,8460,8700,9557400,LPB
2022-08-16,8700,8740,8590,8640,3208800,LPB
2022-08-17,8590,8680,8530,8530,4075700,LPB
2022-08-18,8510,8570,8400,8430,4386400,LPB
2022-08-19,8460,8510,8350,8370,3367700,LPB
2022-08-22,8350,8430,8230,8350,3173300,LPB
2022-08-23,8290,8510,8290,8510,3989700,LPB
2022-08-24,8510,8570,8460,8490,3332700,LPB
2022-08-25,8570,8680,8510,8590,6804900,LPB
2022-08-26,8680,8680,8490,8510,4268100,LPB
2022-08-29,8350,8400,8130,8350,4576300,LPB
2022-08-30,8460,8570,8350,8490,4242100,LPB
2022-08-31,8490,8510,8370,8510,2707500,LPB
2022-09-05,8490,8630,8400,8490,3499100,LPB
2022-09-06,8460,8640,8430,8570,4900600,LPB
2022-09-07,8570,8630,8370,8370,5347300,LPB
2022-09-08,8400,8430,7870,7920,5839600,LPB
2022-09-09,8000,8029,7620,7920,5568800,LPB
2022-09-12,8029,8029,7960,7970,1759200,LPB
2022-09-13,7970,8060,7900,8029,1550300,LPB
2022-09-14,7790,8080,7790,8029,2648500,LPB
2022-09-15,8060,8080,7960,7970,1247200,LPB
2022-09-16,7960,7970,7650,7650,3046800,LPB
2022-09-19,7650,7700,7350,7350,2755700,LPB
2022-09-20,7460,7620,7330,7590,2627300,LPB
2022-09-21,7590,7620,7490,7540,1222800,LPB
2022-09-22,7490,7620,7410,7570,2030800,LPB
2022-09-23,7590,7650,7430,7430,1901700,LPB
2022-09-26,7000,7330,7000,7080,3117800,LPB
2022-09-27,7120,7250,7060,7220,1617400,LPB
2022-09-28,7120,7250,7000,7000,1673500,LPB
2022-09-29,7170,7190,6960,6960,2636600,LPB
2022-09-30,6900,7000,6550,6960,5090100,LPB
2022-10-03,6920,7120,6460,6490,4576600,LPB
2022-10-04,6650,6790,6300,6300,6107200,LPB
2022-10-05,6460,6550,6330,6460,4941900,LPB
2022-10-06,6490,6490,6040,6040,4695500,LPB
2022-10-07,5920,5920,5630,5630,12457300,LPB
2022-10-10,5240,5600,5240,5470,15292300,LPB
2022-10-11,5390,5440,5090,5090,9726000,LPB
2022-10-12,5090,5440,5070,5440,8597100,LPB
2022-10-13,5500,5570,5390,5500,6626200,LPB
2022-10-14,5760,5870,5630,5810,10345600,LPB
2022-10-17,5760,5980,5710,5920,7477000,LPB
2022-10-18,6060,6140,5910,5920,7601300,LPB
2022-10-19,5980,6040,5810,5870,7024500,LPB
2022-10-20,5870,5910,5710,5790,5524400,LPB
2022-10-21,5870,5870,5390,5410,10964000,LPB
2022-10-24,5440,5550,5040,5040,11520500,LPB
2022-10-25,5070,5390,4900,5390,15065600,LPB
2022-10-26,5500,5630,5410,5570,9289600,LPB
2022-10-27,5630,5960,5630,5960,13895900,LPB
2022-10-28,6120,6250,6020,6090,14674500,LPB
2022-10-31,6090,6330,6020,6330,15043200,LPB
2022-11-01,6460,6600,6350,6460,9141900,LPB
2022-11-02,6410,6510,6220,6250,10188100,LPB
2022-11-03,6090,6380,6090,6300,9681400,LPB
2022-11-04,6250,6350,5910,6140,17050100,LPB
2022-11-07,6090,6250,5740,5740,10423000,LPB
2022-11-08,5710,6120,5600,6090,10231200,LPB
2022-11-09,6180,6380,6090,6140,8156300,LPB
2022-11-10,6020,6140,5740,5740,14743400,LPB
2022-11-11,5920,6040,5740,5760,9660700,LPB
2022-11-14,5600,5710,5370,5550,12370800,LPB
2022-11-15,5500,5500,5160,5160,15689600,LPB
2022-11-16,4830,5510,4800,5510,20073200,LPB
2022-11-17,5850,5910,5760,5910,7471900,LPB
2022-11-18,5980,6230,5680,6190,10384000,LPB
2022-11-21,6190,6290,6020,6040,7818400,LPB
2022-11-22,6020,6450,5980,6180,13606700,LPB
2022-11-23,6190,6350,6080,6080,9124800,LPB
2022-11-24,6170,6230,5920,6190,8952400,LPB
2022-11-25,6350,6600,6230,6600,16497200,LPB
2022-11-28,6820,7030,6730,7030,14405500,LPB
2022-11-29,7070,7150,6750,7090,19154000,LPB
2022-11-30,7090,7280,6940,7090,13386800,LPB
2022-12-01,7220,7560,7000,7070,22054500,LPB
2022-12-02,7070,7530,6900,7530,24433600,LPB
2022-12-05,7870,8060,7560,8060,22381300,LPB
2022-12-06,8150,8490,7960,8090,36460600,LPB
2022-12-07,8060,8230,7840,7960,13838000,LPB
2022-12-08,8090,8490,8060,8460,19040900,LPB
2022-12-09,8490,8860,7990,8490,25654200,LPB
2022-12-12,8360,8490,7930,8270,18530200,LPB
2022-12-13,8090,8360,7930,8300,8380200,LPB
2022-12-14,8420,8420,8150,8180,7290300,LPB
2022-12-15,8020,8360,8020,8180,6432100,LPB
2022-12-16,8060,8580,8020,8180,10185000,LPB
2022-12-19,8210,8360,8150,8150,7733700,LPB
2022-12-20,8060,8180,7620,7710,11499800,LPB
2022-12-21,7840,7930,7560,7840,7034600,LPB
2022-12-22,7960,8210,7900,8180,11938900,LPB
2022-12-23,8060,8119,7930,8060,11357700,LPB
2022-12-26,8020,8090,7500,7500,12469200,LPB
2022-12-27,7500,7680,7370,7560,2860700,LPB
2022-12-27,7560,7740,7500,7740,6945600,LPB
2022-12-28,7740,8270,7710,8270,16704100,LPB
2022-12-29,8300,8490,8119,8119,11530700,LPB
2022-12-30,8119,8420,8090,8119,11217100,LPB
2023-01-03,8119,8460,8119,8460,9006500,LPB
2023-01-04,8460,8550,8360,8360,8833900,LPB
2023-01-05,8420,8460,8300,8400,5516900,LPB
2023-01-06,8420,8950,8400,8950,46242900,LPB
2023-01-09,9070,9140,8830,8830,7179800,LPB
2023-01-10,8830,9040,8830,8950,8606300,LPB
2023-01-11,9070,9260,8950,8950,11001900,LPB
2023-01-12,9040,9040,8900,8980,8380800,LPB
2023-01-13,9040,9200,8980,9070,11181500,LPB
2023-01-16,9110,9110,8920,9070,7914500,LPB
2023-01-17,9070,9350,9070,9230,11376200,LPB
2023-01-18,9290,9420,9200,9260,6692400,LPB
2023-01-19,9290,9350,9200,9260,8759900,LPB
2023-01-27,9320,9420,9180,9290,11516300,LPB
2023-01-30,9290,9290,8980,8980,13824600,LPB
2023-01-31,8900,9230,8860,9180,9960300,LPB
2023-02-01,9180,9260,8550,8550,14495000,LPB
2023-02-02,8620,8680,8400,8460,11112300,LPB
2023-02-03,8580,8620,8490,8620,7651200,LPB
2023-02-06,8550,8680,8400,8620,5601600,LPB
2023-02-07,8680,8790,8400,8400,8553500,LPB
2023-02-08,8460,8790,8400,8620,9302200,LPB
2023-02-09,8580,8830,8550,8620,7058800,LPB
2023-02-10,8640,8980,8550,8700,11922900,LPB
2023-02-13,8680,8860,8490,8580,8703500,LPB
2023-02-14,8680,8680,8420,8490,4852300,LPB
2023-02-15,8490,8680,8400,8510,6237400,LPB
2023-02-16,8580,8680,8580,8680,6530900,LPB
2023-02-17,8680,9180,8680,8980,18982900,LPB
2023-02-20,8980,9290,8980,9290,10621600,LPB
2023-02-21,9320,9350,9070,9110,8629600,LPB
2023-02-22,8950,9180,8740,8740,9985800,LPB
2023-02-23,8740,8950,8580,8770,9337000,LPB
2023-02-24,8830,8920,8740,8740,7628200,LPB
2023-02-27,8620,8740,8550,8550,5801300,LPB
2023-02-28,8580,8700,8580,8640,5336700,LPB
2023-03-01,8620,8980,8550,8860,9759700,LPB
2023-03-02,8980,9180,8770,8920,8285400,LPB
2023-03-03,8980,9070,8770,8770,6948200,LPB
2023-03-06,8900,9040,8830,8830,8653100,LPB
2023-03-07,9010,9040,8830,8900,7956600,LPB
2023-03-08,8830,9070,8830,9070,7295700,LPB
2023-03-09,9140,9390,9110,9180,19620500,LPB
2023-03-10,9180,9260,9110,9140,8374400,LPB
2023-03-13,9140,9350,9110,9140,13523200,LPB
2023-03-14,9180,9290,9070,9070,16302600,LPB
2023-03-15,9260,9450,9180,9290,17449800,LPB
2023-03-16,9260,9320,9200,9200,10504700,LPB
2023-03-17,9230,9320,9200,9230,13284200,LPB
2023-03-20,9200,9230,8950,8950,16900400,LPB
2023-03-21,9110,9180,8950,9110,5579700,LPB
2023-03-22,9140,9230,9110,9180,6916200,LPB
2023-03-23,9110,9230,9110,9200,3055300,LPB
2023-03-24,9290,9730,9290,9570,17426600,LPB
2023-03-27,9600,9630,9540,9600,6185500,LPB
2023-03-28,9630,9700,9480,9510,11120500,LPB
2023-03-29,9510,9570,9450,9510,6209600,LPB
2023-03-30,9600,9630,9480,9510,6340200,LPB
2023-03-31,9510,9540,9420,9510,5953100,LPB
2023-04-03,9630,9790,9540,9570,9369800,LPB
2023-04-04,9600,9820,9570,9730,15341500,LPB
2023-04-05,9730,9760,9600,9700,4756100,LPB
2023-04-06,9630,9700,9320,9390,11208500,LPB
2023-04-07,9350,9390,9110,9180,11558500,LPB
2023-04-10,9260,9290,9070,9070,8133500,LPB
2023-04-11,9040,9200,9010,9200,5244500,LPB
2023-04-12,9260,9350,9200,9230,5044900,LPB
2023-04-13,9230,9290,9140,9180,4077900,LPB
2023-04-14,9180,9540,9180,9260,16681800,LPB
2023-04-17,9260,9290,8770,8860,11735800,LPB
2023-04-18,8920,8950,8580,8680,13048700,LPB
2023-04-19,8790,8790,8460,8490,8118600,LPB
2023-04-20,8460,8620,8460,8620,4102000,LPB
2023-04-21,8620,8700,8460,8460,7565200,LPB
2023-04-24,8550,8580,8230,8340,7315100,LPB
2023-04-25,8340,8360,8150,8150,7956900,LPB
2023-04-26,8060,8360,8060,8360,5850400,LPB
2023-04-27,8620,8860,8510,8830,7053400,LPB
2023-04-28,8790,8790,8680,8680,5012900,LPB
2023-05-04,8620,8620,8460,8460,4215400,LPB
2023-05-05,8460,8620,8400,8510,2510800,LPB
2023-05-08,8490,8620,8460,8490,4567200,LPB
2023-05-09,8490,8740,8490,8620,12462100,LPB
2023-05-10,8740,8770,8580,8700,9021900,LPB
2023-05-11,8740,8770,8119,8620,22861400,LPB
2023-05-12,8620,8640,8490,8620,7487300,LPB
2023-05-15,8680,8770,8580,8620,9181500,LPB
2023-05-16,8580,8640,8510,8620,6183900,LPB
2023-05-17,8640,8680,8510,8550,6298100,LPB
2023-05-18,8580,8700,8510,8640,7859600,LPB
2023-05-19,8790,8790,8580,8700,5631800,LPB
2023-05-22,8700,8860,8680,8790,9208600,LPB
2023-05-23,8830,8860,8700,8700,5111900,LPB
2023-05-24,8770,8770,8620,8620,5502600,LPB
2023-05-25,8620,8700,8580,8640,4977300,LPB
2023-05-26,8680,8790,8580,8770,10642400,LPB
2023-05-29,8790,8920,8770,8920,8652700,LPB
2023-05-30,8980,8980,8860,8980,8910100,LPB
2023-05-31,9010,9070,8920,8980,8681300,LPB
2023-06-01,9010,9110,8950,9110,6447300,LPB
2023-06-02,9180,9390,9180,9290,13176500,LPB
2023-06-05,9420,9480,9320,9480,16405400,LPB
2023-06-06,9480,9540,9350,9510,11204600,LPB
2023-06-07,9540,9540,9290,9290,8122200,LPB
2023-06-08,9290,9350,9040,9070,8973600,LPB
2023-06-09,9070,9390,9010,9390,7825900,LPB
2023-06-12,9420,9420,9230,9420,8049900,LPB
2023-06-13,9420,9450,9260,9260,3721200,LPB
2023-06-14,9260,9350,9200,9200,3990700,LPB
2023-06-15,9200,9200,9040,9070,5132400,LPB
2023-06-16,9200,9290,9070,9140,4819700,LPB
2023-06-19,9180,9260,9110,9110,5251700,LPB
2023-06-20,9140,9290,9140,9200,3830800,LPB
2023-06-21,9290,9480,9200,9320,10817600,LPB
2023-06-22,9390,9510,9390,9420,11207100,LPB
2023-06-23,9480,9760,9450,9510,16968400,LPB
2023-06-26,9510,9630,9290,9480,5635300,LPB
2023-06-27,9510,9600,9450,9450,4646300,LPB
2023-06-28,9480,9600,9450,9480,6129400,LPB
2023-06-29,9570,9570,9390,9390,6885300,LPB
2023-06-30,9390,9450,9350,9390,2664600,LPB
2023-07-03,9420,9600,9420,9480,6834200,LPB
2023-07-04,9540,9600,9420,9570,5855500,LPB
2023-07-05,9630,9790,9570,9630,11586400,LPB
2023-07-06,9670,9790,9510,9600,6294400,LPB
2023-07-07,9570,9980,9570,9980,13480600,LPB
2023-07-10,10000,10340,9980,10100,19497200,LPB
2023-07-11,10130,10340,10030,10030,14039500,LPB
2023-07-12,10000,10380,9730,9730,13453900,LPB
2023-07-13,9910,10060,9880,9910,8028400,LPB
2023-07-14,10030,10060,9670,9700,13121300,LPB
2023-07-17,9700,10100,9700,9910,9897800,LPB
2023-07-18,9950,10160,9910,10000,9243300,LPB
2023-07-19,10000,10340,10000,10100,10867400,LPB
2023-07-20,10130,10190,10000,10060,4604600,LPB
2023-07-21,9980,10160,9980,10060,5128100,LPB
2023-07-24,10060,10280,10030,10130,9879000,LPB
2023-07-25,10130,10340,10130,10230,7893400,LPB
2023-07-26,10230,10260,10130,10130,3729500,LPB
2023-07-27,10160,10340,10100,10230,9148000,LPB
2023-07-28,10190,10310,10100,10100,6073300,LPB
2023-07-31,10160,10280,10130,10130,5357400,LPB
2023-08-01,10160,10380,10160,10230,9363900,LPB
2023-08-02,10260,10540,10230,10380,9798900,LPB
2023-08-03,10400,10590,10400,10510,8054100,LPB
2023-08-04,10540,10680,10510,10680,5026100,LPB
2023-08-07,10720,11430,10720,11430,20336600,LPB
2023-08-08,11560,11990,11560,11770,11401800,LPB
2023-08-09,11900,11900,11640,11710,4068400,LPB
2023-08-10,11770,11770,11460,11520,3757400,LPB
2023-08-11,11460,11590,11390,11520,4534100,LPB
2023-08-14,11520,11740,11520,11670,4371200,LPB
2023-08-15,11670,11740,11640,11710,4063600,LPB
2023-08-16,11710,11900,11640,11740,7086800,LPB
2023-08-17,11740,11950,11740,11800,9180700,LPB
2023-08-18,11770,12150,11150,11310,16207500,LPB
2023-08-21,11390,12080,11390,12020,27603400,LPB
2023-08-22,12640,12640,11640,12240,9434700,LPB
2023-08-23,12440,12480,12200,12240,3710500,LPB
2023-08-24,12240,12680,12240,12480,6591700,LPB
2023-08-25,12520,12760,12440,12520,6036400,LPB
2023-08-28,12560,12760,12520,12600,4751400,LPB
2023-08-29,12680,12760,12600,12640,7693400,LPB
2023-08-30,12720,12840,12680,12680,4373000,LPB
2023-08-31,12760,12840,12600,12800,5683300,LPB
2023-09-05,12840,12960,12760,12840,4447300,LPB
2023-09-06,12840,12960,12800,12880,3169700,LPB
2023-09-07,12960,13000,12840,12880,5530900,LPB
2023-09-08,12840,12920,12800,12840,2194800,LPB
2023-09-11,12840,13000,12800,12920,14491100,LPB
2023-09-12,12920,13080,12880,13000,3006000,LPB
2023-09-13,13080,13120,12960,13000,2769100,LPB
2023-09-14,13000,13080,12680,12760,1979600,LPB
2023-09-15,12760,13200,12560,12560,5330300,LPB
2023-09-18,12560,12600,12280,12280,1698100,LPB
2023-09-19,12320,12400,12040,12170,5220200,LPB
2023-09-20,12360,12360,12170,12280,2278500,LPB
2023-09-21,12200,12280,11960,11960,3286600,LPB
2023-09-22,11800,11890,11210,11490,4930900,LPB
2023-09-25,11490,11490,10840,10840,3680100,LPB
2023-09-26,10840,10960,10530,10530,2884200,LPB
2023-09-27,10530,10680,10370,10560,2778600,LPB
2023-09-28,10610,10840,10610,10840,2691900,LPB
2023-09-29,10930,11240,10930,11050,2530600,LPB
2023-10-02,11050,11120,10890,10890,1523300,LPB
2023-10-03,10890,10890,10450,10490,2955600,LPB
2023-10-04,10370,10930,10370,10770,1933500,LPB
2023-10-05,10770,10930,10770,10840,1968700,LPB
2023-10-06,10930,11010,10840,10960,5452000,LPB
2023-10-09,11010,11240,10960,11240,2952100,LPB
2023-10-10,11240,11330,11210,11280,3943200,LPB
2023-10-11,11330,11360,11240,11330,1906200,LPB
2023-10-12,11330,11450,11330,11330,3532000,LPB
2023-10-13,11240,11400,11210,11330,1862800,LPB
2023-10-16,11330,11360,11170,11280,2722200,LPB
2023-10-17,11240,11450,11170,11170,2376600,LPB
2023-10-18,11170,11400,11080,11170,4014000,LPB
2023-10-19,11170,11400,11170,11210,2768200,LPB
2023-10-20,11210,11610,11210,11610,4017400,LPB
2023-10-23,11640,11890,11560,11730,2591600,LPB
2023-10-24,11730,11890,11680,11760,2520600,LPB
2023-10-25,11760,12040,11760,11840,2389300,LPB
2023-10-26,11680,11840,11080,11400,6745700,LPB
2023-10-27,11490,12200,11490,12200,6436100,LPB
2023-10-30,12240,12440,11520,11520,1800600,LPB
2023-10-31,11560,12040,11560,11680,3678500,LPB
2023-11-01,11730,12040,11730,12040,1942900,LPB
2023-11-02,12080,12320,12040,12280,2024500,LPB
2023-11-03,12360,12400,12120,12170,3395500,LPB
2023-11-06,12280,12520,12170,12280,4481100,LPB
2023-11-07,12280,12520,12240,12360,1761900,LPB
2023-11-08,12400,12560,12280,12560,2267100,LPB
2023-11-09,12600,12680,12440,12520,2153700,LPB
2023-11-10,12400,12480,12200,12200,2195500,LPB
2023-11-13,12280,12320,12200,12200,1423800,LPB
2023-11-14,12280,12760,12280,12520,5219900,LPB
2023-11-15,12680,12720,12480,12520,2333400,LPB
2023-11-16,12520,12520,12400,12480,1233700,LPB
2023-11-17,12440,12600,12240,12240,2536000,LPB
2023-11-20,12170,12400,12120,12240,1883600,LPB
2023-11-21,12320,12440,12280,12440,2392000,LPB
2023-11-22,12440,12480,12320,12320,1684900,LPB
2023-11-23,12360,12440,11960,11960,2581800,LPB
2023-11-24,12040,12240,12010,12080,1601100,LPB
2023-11-27,12080,12200,11800,11800,1588300,LPB
2023-11-28,11800,11960,11560,11960,1695000,LPB
2023-11-29,11960,12400,11960,12120,5192000,LPB
2023-11-30,12170,12440,12120,12200,4590200,LPB
2023-12-01,12240,12360,12120,12200,1206300,LPB
2023-12-04,12280,12320,12170,12200,3428500,LPB
2023-12-05,12240,12320,12120,12240,3201300,LPB
2023-12-06,12240,12760,12240,12560,10765300,LPB
2023-12-07,12600,12840,12600,12760,10698700,LPB
2023-12-08,12800,13160,12760,13040,9410300,LPB
2023-12-11,13080,13200,12880,12920,6819200,LPB
2023-12-12,12960,13080,12760,12800,3448900,LPB
2023-12-13,12800,12960,12520,12600,2614200,LPB
2023-12-14,12520,12760,12480,12480,1862500,LPB
2023-12-15,12520,12680,12480,12520,1608400,LPB
2023-12-18,12520,12640,12320,12320,2105100,LPB
2023-12-19,12240,12440,12120,12200,2017700,LPB
2023-12-20,12200,12440,12200,12280,1105800,LPB
2023-12-21,12280,12400,12170,12240,1514400,LPB
2023-12-22,12240,12560,12240,12440,2091500,LPB
2023-12-25,12560,12560,12280,12440,1286500,LPB
2023-12-26,12560,12640,12480,12480,1833700,LPB
2023-12-27,12640,12640,12480,12520,2317900,LPB
2023-12-28,12600,12720,12480,12600,2345600,LPB
2023-12-29,12520,12760,12520,12560,1717100,LPB
2024-01-02,12600,13000,12600,12800,3857100,LPB
2024-01-03,12880,12960,12760,12960,2847700,LPB
2024-01-04,13000,13440,12920,13160,7468900,LPB
2024-01-05,13400,13400,13120,13240,2311800,LPB
2024-01-08,13280,13480,13200,13200,4503100,LPB
2024-01-09,13320,13320,13000,13120,2571900,LPB
2024-01-10,13120,13320,13080,13160,4064700,LPB
2024-01-11,13160,13550,13120,13200,6894700,LPB
2024-01-12,12960,13280,12880,13240,10227400,LPB
2024-01-15,13550,13600,13240,13240,6142200,LPB
2024-01-16,13200,13520,13200,13320,6517300,LPB
2024-01-17,13360,13880,13320,13480,16174700,LPB
2024-01-18,13600,14040,13520,13880,12953300,LPB
2024-01-19,13950,14040,13800,13880,4412100,LPB
2024-01-22,14000,14000,13640,13760,4686900,LPB
2024-01-23,13880,13880,13720,13760,3042000,LPB
2024-01-24,13760,13880,13670,13800,3442100,LPB
2024-01-25,13830,13920,13760,13920,4001800,LPB
2024-01-26,13950,14000,13880,13920,2116300,LPB
2024-01-29,13880,14350,13830,14040,9874500,LPB
2024-01-30,14080,14440,14080,14160,6959600,LPB
2024-01-31,14230,14280,14040,14080,7769400,LPB
2024-02-01,14160,14630,14080,14280,7857300,LPB
2024-02-02,14280,14510,14200,14200,5080400,LPB
2024-02-05,14110,14630,14110,14510,3808200,LPB
2024-02-06,14560,14720,14350,14440,1955500,LPB
2024-02-07,14440,14560,14280,14480,3167100,LPB
2024-02-15,14670,14670,14480,14510,2223000,LPB
2024-02-16,14510,14560,14200,14320,3623000,LPB
2024-02-19,14230,14320,14080,14110,3407600,LPB
2024-02-20,14110,14230,14110,14160,1845100,LPB
2024-02-21,14230,14320,14110,14160,2372400,LPB
2024-02-22,14160,14280,14080,14110,2325900,LPB
2024-02-23,14110,14390,13640,13640,5581000,LPB
2024-02-26,13670,13830,13670,13720,1657800,LPB
2024-02-27,13830,13950,13720,13720,2488500,LPB
2024-02-28,13880,13920,13800,13800,2813300,LPB
2024-02-29,13880,13920,13640,13640,3016100,LPB
2024-03-01,13640,13760,13550,13600,3419700,LPB
2024-03-04,13640,13830,13600,13720,4156200,LPB
2024-03-05,13800,14080,13760,14080,4366400,LPB
2024-03-06,14230,14760,14200,14230,7866800,LPB
2024-03-07,14280,14280,14110,14110,2984000,LPB
2024-03-08,14110,14200,13600,13640,6062300,LPB
2024-03-11,13670,13720,13160,13200,5749200,LPB
2024-03-12,13200,13480,13160,13440,3743100,LPB
2024-03-13,13550,13600,13400,13550,3635300,LPB
2024-03-14,13640,13640,13360,13360,2644000,LPB
2024-03-15,13360,13360,13160,13200,5226400,LPB
2024-03-18,13160,13280,12600,12800,6624100,LPB
2024-03-19,12800,12960,12760,12880,1630600,LPB
2024-03-20,12920,13550,12880,13550,6336100,LPB
2024-03-21,13550,13640,13360,13440,3608900,LPB
2024-03-22,13550,13640,13400,13400,3853200,LPB
2024-03-25,13440,13480,13200,13200,3565300,LPB
2024-03-26,13280,13480,13160,13440,2796700,LPB
2024-03-27,13550,13550,13360,13360,2535400,LPB
2024-03-28,13440,13520,13400,13480,4297700,LPB
2024-03-29,13480,14000,13480,14000,7969000,LPB
2024-04-01,13800,14000,13720,13800,2925700,LPB
2024-04-02,13720,13950,13600,13830,7259400,LPB
2024-04-03,13950,14000,13760,13760,4236900,LPB
2024-04-04,13760,13830,13600,13600,3477500,LPB
2024-04-05,13550,13760,13440,13640,3020000,LPB
2024-04-08,13720,13950,13640,13830,3198600,LPB
2024-04-09,13830,14790,13830,14790,9837500,LPB
2024-04-10,15000,15160,14910,14950,13007000,LPB
2024-04-11,14910,15160,14600,14600,7383200,LPB
2024-04-12,14720,15590,14670,15590,15101300,LPB
2024-04-15,15590,16230,14510,14910,10453000,LPB
2024-04-16,14910,15590,14910,15510,10894500,LPB
2024-04-17,15710,16030,15280,16030,15295600,LPB
2024-04-19,15630,16030,14910,16030,14674500,LPB
2024-04-22,16030,16230,15710,16190,8188000,LPB
2024-04-23,16230,16430,16070,16350,7827600,LPB
2024-04-24,16430,16790,16350,16790,5692700,LPB
2024-04-25,16910,16940,16430,16590,4989000,LPB
2024-04-26,16590,16660,15910,16660,5816400,LPB
2024-05-02,16660,16750,16350,16350,2186800,LPB
2024-05-03,16270,16590,15950,16110,3565900,LPB
2024-05-06,16110,16390,16110,16190,3203400,LPB
2024-05-07,16230,16630,16110,16270,3628200,LPB
2024-05-08,16270,16660,16190,16190,3564200,LPB
2024-05-09,16350,16350,15870,15950,3583700,LPB
2024-05-10,15950,16190,15950,16030,1999300,LPB
2024-05-13,16070,16070,15830,15870,3085900,LPB
2024-05-14,15910,16070,15830,16030,2948200,LPB
2024-05-15,16030,16710,16030,16430,11540600,LPB
2024-05-16,16710,17550,16550,17550,12589000,LPB
2024-05-17,17780,18580,17710,18500,9831400,LPB
2024-05-20,18740,18980,18180,18340,7088100,LPB
2024-05-21,18500,18500,18020,18180,5853100,LPB
2024-05-22,18270,18980,18150,18550,5269600,LPB
2024-05-23,18550,18700,18270,18580,2878200,LPB
2024-05-24,18550,19110,17710,18740,7731900,LPB
2024-05-27,18500,18740,18460,18700,1744500,LPB
2024-05-28,18980,19980,18780,19980,14971400,LPB
2024-05-29,20300,21050,19930,20740,10411600,LPB
2024-05-30,20490,21140,20330,20770,7075500,LPB
2024-05-31,20980,20980,20460,20580,4368400,LPB
2024-06-03,20860,20890,20490,20580,4491300,LPB
2024-06-04,20700,20700,20380,20580,4072800,LPB
2024-06-05,20650,20650,20060,20540,7693600,LPB
2024-06-06,20540,21380,20420,20820,6037900,LPB
2024-06-07,20930,21210,20650,20860,2024700,LPB
2024-06-10,20980,21170,20770,20930,3626200,LPB
2024-06-11,21140,21140,20490,20490,5281000,LPB
2024-06-12,20490,21100,20260,20820,5438900,LPB
2024-06-13,20890,21210,20820,21210,3194100,LPB
2024-06-14,21380,22210,21260,21930,8192100,LPB
2024-06-17,22010,22010,21450,21690,4132300,LPB
2024-06-18,21690,21770,21290,21610,3414800,LPB
2024-06-19,21610,21650,21210,21570,4026800,LPB
2024-06-20,21610,22170,21490,21570,2612600,LPB
2024-06-21,21850,22970,21610,22970,12556500,LPB
2024-06-24,23290,23370,21930,22530,6140700,LPB
2024-06-25,22330,22970,22250,22610,3506900,LPB
2024-06-26,22610,23170,22570,22920,4501500,LPB
2024-06-27,22920,23130,22170,22850,2530900,LPB
2024-06-28,22810,22970,21930,22490,3930200,LPB
2024-07-01,22490,22490,22010,22250,3134000,LPB
2024-07-02,22730,23690,22290,23600,6729700,LPB
2024-07-03,23850,24130,23730,24090,7639300,LPB
2024-07-04,24160,25000,23850,25000,4604200,LPB
2024-07-05,25000,26320,24680,25680,10869300,LPB
2024-07-08,25840,26160,25360,25720,6030500,LPB
2024-07-09,25680,25920,25240,25480,5545400,LPB
2024-07-10,25480,25480,24880,24880,3944700,LPB
2024-07-11,24880,25360,24480,24930,3430300,LPB
2024-07-12,25040,25280,24650,24930,4554200,LPB
2024-07-15,25200,25320,24720,25040,1691400,LPB
2024-07-16,25280,25480,24880,25200,2866700,LPB
2024-07-17,25200,25520,24480,25520,7463500,LPB
2024-07-18,25520,25520,24960,25440,1621400,LPB
2024-07-19,25520,26320,25480,25680,4686600,LPB
2024-07-22,25360,25840,24440,25320,9166400,LPB
2024-07-23,25360,25760,24840,25320,6704800,LPB
2024-07-24,25120,25320,24720,24880,4341300,LPB
2024-07-25,24810,24930,24250,24250,3162000,LPB
2024-07-26,24160,24160,23090,23450,14304300,LPB
2024-07-29,23290,23920,23290,23760,1260100,LPB
2024-07-30,23850,23880,23250,23530,1526500,LPB
2024-07-31,23530,23530,23200,23250,2690200,LPB
2024-08-01,23370,23690,22650,23130,3876100,LPB
2024-08-02,22810,23130,22450,22730,3044400,LPB
2024-08-05,23090,23090,21170,21610,5591000,LPB
2024-08-06,21770,22450,21690,22210,3565000,LPB
2024-08-07,22370,22850,22370,22530,1909500,LPB
2024-08-08,22450,22650,22410,22610,2606500,LPB
2024-08-09,22970,22970,22530,22650,3075400,LPB
2024-08-12,22810,22970,22570,22810,1726500,LPB
2024-08-13,22890,23370,22770,22970,2486100,LPB
2024-08-14,23130,23290,22810,22970,2101800,LPB
2024-08-15,23050,23450,22890,23450,4393200,LPB
2024-08-16,23570,24600,23570,24600,3145300,LPB
2024-08-19,24680,25360,24680,25120,3900700,LPB
2024-08-20,25200,25320,24880,24880,3477700,LPB
2024-08-21,25000,25200,24600,25160,3061600,LPB
2024-08-22,25040,25320,24810,25280,2156800,LPB
2024-08-23,25360,25760,25040,25120,2255500,LPB
2024-08-26,25040,25280,24930,25120,1280100,LPB
2024-08-27,24960,25280,24880,24960,1081100,LPB
2024-08-28,24960,25240,24840,25040,2364600,LPB
2024-08-29,25200,25720,25120,25120,4971000,LPB
2024-08-30,25240,25320,24840,25040,2132400,LPB
2024-09-04,24810,25040,24600,24600,2077200,LPB
2024-09-05,24680,24880,24200,24560,2612800,LPB
2024-09-06,24530,24880,24530,24760,1334100,LPB
2024-09-09,24840,24840,24560,24560,701800,LPB
2024-09-10,24650,24880,24480,24680,1280200,LPB
2024-09-11,24680,24720,24410,24560,898200,LPB
2024-09-12,24720,24760,24480,24480,813700,LPB
2024-09-13,24480,24650,24280,24280,674100,LPB
2024-09-16,24280,24560,24090,24090,1228900,LPB
2024-09-17,24090,24480,24090,24480,1003300,LPB
2024-09-18,24650,24650,24280,24410,1686600,LPB
2024-09-19,24410,24530,24280,24480,943700,LPB
2024-09-20,24720,25090,24650,24880,4279500,LPB
2024-09-23,24930,25280,24840,25040,2526600,LPB
2024-09-24,25040,25280,24880,25280,1877000,LPB
2024-09-25,25600,25600,25240,25360,4189000,LPB
2024-09-26,25520,25760,25320,25600,4217000,LPB
2024-09-27,25600,25960,25360,25680,3670700,LPB
2024-09-30,25720,25800,25320,25480,2209100,LPB
2024-10-01,25480,25520,25160,25280,3925300,LPB
2024-10-02,25280,25360,25090,25090,1390800,LPB
2024-10-03,25090,25480,24930,25000,2302700,LPB
2024-10-04,24960,25120,24760,25120,2570800,LPB
2024-10-07,25400,25520,25240,25320,1343600,LPB
2024-10-08,25360,26960,25360,26560,15963300,LPB
2024-10-09,26720,26870,26590,26800,1803200,LPB
2024-10-10,26960,27310,26470,26560,4578700,LPB
2024-10-11,26560,26720,26160,26200,2062500,LPB
2024-10-14,26280,26360,25800,25880,3360900,LPB
2024-10-15,25960,26120,25680,25680,1866600,LPB
2024-10-16,25560,25720,25320,25320,2761000,LPB
2024-10-17,25360,25600,25280,25600,1396800,LPB
2024-10-18,25800,26120,25600,25800,1689300,LPB
2024-10-21,25840,25920,25600,25680,1460600,LPB
2024-10-22,25680,25720,24960,25280,4138600,LPB
2024-10-23,25400,25520,25200,25400,1583600,LPB
2024-10-24,25560,25760,25360,25360,1328800,LPB
2024-10-25,25440,25640,25280,25600,1119700,LPB
2024-10-28,25760,25840,25520,25680,922700,LPB
2024-10-29,25720,25800,25680,25760,785900,LPB
2024-10-30,25840,26120,25800,25960,1329200,LPB
2024-10-31,26000,26280,25920,26280,1350900,LPB
2024-11-01,26280,26320,26080,26160,1565300,LPB
2024-11-04,26160,26320,25760,25800,1169100,LPB
2024-11-05,25880,26200,25840,25840,1232900,LPB
2024-11-06,26160,26160,25800,25960,492100,LPB
2024-11-07,25960,26160,25920,26000,884400,LPB
2024-11-08,26040,26040,25600,25680,1474500,LPB
2024-11-11,25680,25720,25280,25320,1546600,LPB
2024-11-12,25520,25720,25160,25280,1121400,LPB
2024-11-13,25320,25440,25040,25360,1166000,LPB
2024-11-14,25480,25520,25000,25040,957600,LPB
2024-11-15,25040,25160,24680,25090,1814200,LPB
2024-11-18,25120,25440,24840,25090,1491400,LPB
2024-11-19,25090,25200,24880,24960,595300,LPB
2024-11-20,25040,25200,24810,25160,1128800,LPB
2024-11-21,25200,25280,25090,25280,620300,LPB
2024-11-22,25320,25440,25240,25400,767600,LPB
2024-11-25,25440,25440,25320,25400,313300,LPB
2024-11-26,25440,25480,25320,25440,792400,LPB
2024-11-27,25480,25920,25440,25760,1136800,LPB
2024-11-28,25920,26120,25520,25520,1803500,LPB
2024-11-29,25560,25920,25560,25720,895400,LPB
2024-12-02,25800,26800,25800,26520,6919600,LPB
2024-12-03,26590,27270,26590,27080,4697500,LPB
2024-12-04,27120,27470,26560,26680,3124300,LPB
2024-12-05,26750,27150,26680,26870,2377800,LPB
2024-12-06,27120,27590,26870,27310,2742500,LPB
2024-12-09,27520,27590,27150,27240,1615200,LPB
2024-12-10,27270,27430,27150,27150,1092300,LPB
2024-12-11,27200,27430,26750,26800,1869200,LPB
2024-12-12,26840,26920,26400,26400,2414300,LPB
2024-12-13,26470,26680,26240,26440,1281200,LPB
2024-12-16,26590,26750,26360,26440,884000,LPB
2024-12-17,26520,26560,26280,26520,1036300,LPB
2024-12-18,26560,26960,26560,26870,2076900,LPB
2024-12-19,26870,26920,26360,26640,1533700,LPB
2024-12-20,26640,26750,26360,26640,971400,LPB
2024-12-23,26800,26840,26520,26720,1034700,LPB
2024-12-24,26750,26800,26400,26750,1254400,LPB
2024-12-25,26800,27590,26750,27310,4652700,LPB
2024-12-26,27430,27470,27030,27030,2059900,LPB
2024-12-27,27290,28880,27200,28880,9363500,LPB
2024-12-30,29160,29620,28920,29390,3349400,LPB
2024-12-31,29390,29480,29060,29110,2470600,LPB
2025-01-02,29250,29250,28740,29110,2568300,LPB
2025-01-03,29160,29160,28220,28320,4896600,LPB
2025-01-06,28360,28600,27950,28220,2190400,LPB
2025-01-07,28270,28880,28180,28600,1883800,LPB
2025-01-08,28640,28880,28410,28780,904600,LPB
2025-01-09,28830,28880,28460,28500,1024700,LPB
2025-01-10,28550,28550,27990,28130,1885900,LPB
2025-01-13,28130,28600,27670,28600,2608200,LPB
2025-01-14,28600,29200,28600,28740,1098100,LPB
2025-01-15,28920,29020,28640,28880,1015700,LPB
2025-01-16,29060,29620,29020,29300,1235200,LPB
2025-01-17,29340,29810,29160,29720,1839700,LPB
2025-01-20,29720,29990,29480,29480,1248700,LPB
2025-01-21,29530,29900,29530,29670,2017400,LPB
2025-01-22,29760,31160,29760,31110,6970600,LPB
2025-01-23,31300,33160,31300,32880,5486300,LPB
2025-01-24,32930,33630,32840,33390,14663700,LPB
2025-02-03,33390,33390,32460,32700,4007000,LPB
2025-02-04,33350,33350,32280,32700,2681400,LPB
2025-02-05,32880,33630,32790,33440,5870000,LPB
2025-02-06,33530,34230,33440,34000,3449500,LPB
2025-02-07,34000,34470,33720,34000,2457100,LPB
2025-02-10,33910,34280,33490,34050,2445900,LPB
2025-02-11,34050,34510,33910,34470,2458800,LPB
2025-02-12,34510,35300,34510,34790,2734300,LPB
2025-02-13,34790,35260,34510,35120,2520700,LPB
2025-02-14,35680,35680,34650,34930,2767900,LPB
2025-02-17,34930,35020,34560,34700,1586800,LPB
2025-02-18,34880,34880,34000,34090,3459500,LPB
2025-02-19,34140,34470,33810,34190,3508600,LPB
2025-02-20,34190,34470,33770,33810,3887500,LPB
2025-02-21,33910,34230,33810,33910,1524600,LPB
2025-02-24,33860,34420,33670,34280,4039400,LPB
2025-02-25,34370,34700,34280,34330,3525600,LPB
2025-02-26,34560,34650,34090,34370,2228700,LPB
2025-02-27,34370,34370,33810,34230,2381500,LPB
2025-02-28,34140,34190,33580,33670,2994600,LPB
2025-03-03,33770,33770,33160,33440,3778400,LPB
2025-03-04,33300,33350,32740,33070,5102600,LPB
2025-03-05,33070,34090,33070,33350,2318400,LPB
2025-03-06,33580,33580,33070,33120,1826200,LPB
2025-03-07,33070,33490,32980,32980,3123200,LPB
2025-03-10,32980,33390,32420,32420,4061000,LPB
2025-03-11,32280,32509,31760,32280,3771200,LPB
2025-03-12,32280,32930,31900,32880,2715700,LPB
2025-03-13,32880,33020,32509,32880,2545000,LPB
2025-03-14,32980,32980,32560,32560,1433200,LPB
2025-03-17,32560,32600,32090,32320,2029600,LPB
2025-03-18,32320,33390,32040,32980,5124100,LPB
2025-03-19,32980,33810,32980,33490,6285000,LPB
2025-03-20,33720,33720,33120,33120,2563200,LPB
2025-03-21,33120,33120,32420,32420,2543500,LPB
2025-03-24,32420,32420,31390,31810,8068400,LPB
2025-03-25,31810,32000,31480,31670,2530300,LPB
2025-03-26,31670,31810,31160,31160,2578800,LPB
2025-03-27,31300,31300,30740,30740,1950300,LPB
2025-03-28,30740,31210,30740,31160,1418900,LPB
2025-03-31,31160,31160,30550,30970,2412800,LPB
2025-04-01,30970,31210,30930,31110,1106200,LPB
2025-04-02,31210,31300,30830,30830,1852800,LPB
2025-04-03,30650,30650,28690,28690,6201700,LPB
2025-04-04,27010,30690,27010,30690,9431700,LPB
2025-04-08,30690,30690,28550,29060,3769900,LPB
2025-04-09,28320,30270,27950,29340,5332500,LPB
2025-04-10,31390,31390,31390,31390,473200,LPB
2025-04-11,29810,31900,29810,31860,7069100,LPB
2025-04-14,31580,31670,31390,31530,2160100,LPB
2025-04-15,31300,31580,30320,30880,3977800,LPB
2025-04-16,30740,31160,30410,30410,1645400,LPB
2025-04-17,30740,32140,30510,31300,4118900,LPB
2025-04-18,31480,32180,31350,31580,4142800,LPB
2025-04-21,31620,31620,30740,30790,2596300,LPB
2025-04-22,30690,31070,28640,30970,4879700,LPB
2025-04-23,31110,31480,31020,31020,2718000,LPB
2025-04-24,30930,31160,30740,30740,2141600,LPB
2025-04-25,30550,30880,29850,30090,6340700,LPB
2025-04-28,30650,30650,29900,30550,1555900,LPB
2025-04-29,30550,30970,30320,30320,1143500,LPB
2025-05-05,30040,30040,29950,29950,1494900,LPB
2025-05-06,30090,30230,29580,29580,2701400,LPB
2025-05-07,29670,30130,29530,29990,2001400,LPB
2025-05-08,30510,31300,30510,30790,3861900,LPB
2025-05-09,31210,32880,31020,32140,4973300,LPB
2025-05-12,32600,32790,32369,32420,4178600,LPB
2025-05-13,32600,32650,32140,32369,3062200,LPB
2025-05-14,32560,33250,32420,33250,4470300,LPB
2025-05-15,33350,34510,33350,34510,8884600,LPB
2025-05-16,34510,35070,34000,34000,4560600,LPB
2025-05-19,34000,34000,32650,32700,5468700,LPB
2025-05-20,32650,33000,32100,32950,3562200,LPB
2025-05-21,33000,33500,32500,32549,2430600,LPB
2025-05-22,32600,32600,31850,31900,3093600,LPB
2025-05-23,31950,32150,31850,31950,1550700,LPB
2025-05-26,32100,32650,31300,32500,2528700,LPB
2025-05-27,32600,32600,32100,32200,1920400,LPB
2025-05-28,32400,32400,31900,31950,2135500,LPB
2025-05-29,32100,32299,31950,32000,1463400,LPB
2025-05-30,32100,32150,31600,31800,1471900,LPB
2025-06-02,31800,32049,31400,32000,2160000,LPB
2025-06-03,32299,32299,31950,32000,1855500,LPB
2025-06-04,32049,32200,31750,31750,1580200,LPB
2025-06-05,31900,31900,31600,31800,1357500,LPB
2025-06-06,31800,31850,31200,31200,2400100,LPB
2025-06-09,31200,31500,30700,31250,1903600,LPB
2025-06-10,31500,32200,31300,31450,2437300,LPB
2025-06-11,31500,31700,31400,31450,952800,LPB
2025-06-12,31900,32000,31500,31650,1431600,LPB
2025-06-13,31600,32049,31400,31600,3082200,LPB
2025-06-16,31700,31950,31550,31650,1818200,LPB
